[{"data":{"Test defects":3}},{"data":{"Test defects":2}},{"data":{"Product defects":1,"Test defects":2}},{"data":{"Product defects":2,"Test defects":3}},{"data":{"Test defects":3}},{"data":{"Test defects":3}},{"data":{"Test defects":3}},{"data":{"Test defects":3}},{"data":{"Test defects":3}},{"data":{"Test defects":3}},{"data":{"Test defects":8}},{"data":{"Product defects":1,"Test defects":10}},{"data":{"Test defects":3}},{"data":{"Product defects":1,"Test defects":1}},{"data":{"Test defects":1}},{"data":{"Test defects":1}},{"data":{"Test defects":1}},{"data":{"Test defects":1}},{"data":{}},{"data":{"Test defects":3}}]