[{"data":{"Test defects":3}},{"data":{"Test defects":3}},{"data":{"Test defects":3}},{"data":{"Test defects":3}},{"data":{"Test defects":3}},{"data":{"Test defects":3}},{"data":{"Test defects":8}},{"data":{"Product defects":1,"Test defects":10}},{"data":{"Test defects":3}},{"data":{"Product defects":1,"Test defects":1}},{"data":{"Test defects":1}},{"data":{"Test defects":1}},{"data":{"Test defects":1}},{"data":{"Test defects":1}},{"data":{}},{"data":{"Test defects":3}},{"data":{}},{"data":{}},{"data":{}},{"data":{}}]