[{"data":{"Product defects":1,"Test defects":10}},{"data":{"Test defects":9}},{"data":{"Test defects":8}},{"data":{"Test defects":9}},{"data":{"Test defects":2}},{"data":{"Test defects":1}},{"data":{}},{"data":{"Test defects":4}},{"data":{"Test defects":3}},{"data":{"Test defects":2}},{"data":{"Test defects":2}},{"data":{"Test defects":3}},{"data":{}},{"data":{"Product defects":6}},{"data":{"Test defects":1}},{"data":{"Test defects":7}},{"data":{"Test defects":1}},{"data":{"Test defects":2}},{"data":{"Test defects":5}},{"data":{"Test defects":6}}]