[{"data":{"Test defects":2}},{"data":{"Test defects":4}},{"data":{"Product defects":1,"Test defects":3}},{"data":{"Test defects":6}},{"data":{"Product defects":1,"Test defects":7}},{"data":{"Product defects":3,"Test defects":4}},{"data":{"Product defects":2,"Test defects":7}},{"data":{"Product defects":1,"Test defects":5}},{"data":{"Product defects":1,"Test defects":17}},{"data":{"Product defects":1,"Test defects":18}},{"data":{"Product defects":1,"Test defects":16}},{"data":{"Product defects":3,"Test defects":21}},{"data":{"Test defects":11}},{"data":{"Test defects":9}},{"data":{"Product defects":1,"Test defects":10}},{"data":{"Test defects":9}},{"data":{"Test defects":8}},{"data":{"Test defects":9}},{"data":{"Test defects":2}},{"data":{"Test defects":1}}]