[{"data":{"duration":306556}},{"data":{"duration":228923}},{"data":{"duration":277927}},{"data":{"duration":277102}},{"data":{"duration":266586}},{"data":{"duration":307763}},{"data":{"duration":283363}},{"data":{"duration":277194}},{"data":{"duration":308061}},{"data":{"duration":356531}},{"data":{"duration":349504}},{"data":{"duration":323896}},{"data":{"duration":647016}},{"data":{"duration":303206}},{"data":{"duration":599328}},{"data":{"duration":293389}},{"data":{"duration":323950}},{"data":{"duration":329252}},{"data":{"duration":323560}},{"data":{"duration":313722}}]