[{"data":{"duration":1967404}},{"data":{"duration":2114517}},{"data":{"duration":1636931}},{"data":{"duration":1697602}},{"data":{"duration":1598499}},{"data":{"duration":1578590}},{"data":{"duration":1546506}},{"data":{"duration":1513003}},{"data":{"duration":1582818}},{"data":{"duration":1667814}},{"data":{"duration":1696410}},{"data":{"duration":1872559}},{"data":{"duration":1799477}},{"data":{"duration":1693287}},{"data":{"duration":1734896}},{"data":{"duration":1598891}},{"data":{"duration":1701853}},{"data":{"duration":1616263}},{"data":{"duration":1646439}},{"data":{"duration":1223337}}]