[{"data":{"duration":504231}},{"data":{"duration":539560}},{"data":{"duration":725667}},{"data":{"duration":485467}},{"data":{"duration":464368}},{"data":{"duration":424251}},{"data":{"duration":552410}},{"data":{"duration":495150}},{"data":{"duration":599894}},{"data":{"duration":692159}},{"data":{"duration":275467}},{"data":{"duration":282747}},{"data":{"duration":330724}},{"data":{"duration":383746}},{"data":{"duration":326599}},{"data":{"duration":358646}},{"data":{"duration":304852}},{"data":{"duration":267310}},{"data":{"duration":306556}},{"data":{"duration":228923}}]