[{"data":{"duration":323950}},{"data":{"duration":329252}},{"data":{"duration":323560}},{"data":{"duration":313722}},{"data":{"duration":302857}},{"data":{"duration":5431109}},{"data":{"duration":320512}},{"data":{"duration":309124}},{"data":{"duration":302594}},{"data":{"duration":324464}},{"data":{"duration":190792}},{"data":{"duration":225765}},{"data":{"duration":379758}},{"data":{"duration":198364}},{"data":{"duration":197902}},{"data":{"duration":214699}},{"data":{"duration":198862}},{"data":{"duration":324139}},{"data":{"duration":218948}},{"data":{"duration":211481}}]