[{"data":{"duration":599894}},{"data":{"duration":692159}},{"data":{"duration":275467}},{"data":{"duration":282747}},{"data":{"duration":330724}},{"data":{"duration":383746}},{"data":{"duration":326599}},{"data":{"duration":358646}},{"data":{"duration":304852}},{"data":{"duration":267310}},{"data":{"duration":306556}},{"data":{"duration":228923}},{"data":{"duration":277927}},{"data":{"duration":277102}},{"data":{"duration":266586}},{"data":{"duration":307763}},{"data":{"duration":283363}},{"data":{"duration":277194}},{"data":{"duration":308061}},{"data":{"duration":356531}}]