[{"data":{"duration":1694249}},{"data":{"duration":2958818}},{"data":{"duration":1578760}},{"data":{"duration":1679298}},{"data":{"duration":1508481}},{"data":{"duration":1746582}},{"data":{"duration":1606998}},{"data":{"duration":1632441}},{"data":{"duration":1748789}},{"data":{"duration":1567023}},{"data":{"duration":1637670}},{"data":{"duration":1189746}},{"data":{"duration":1666190}},{"data":{"duration":1652392}},{"data":{"duration":1755176}},{"data":{"duration":1887155}},{"data":{"duration":1687232}},{"data":{"duration":1847616}},{"data":{"duration":1608080}},{"data":{"duration":1672718}}]