[{"data":{"duration":324464}},{"data":{"duration":190792}},{"data":{"duration":225765}},{"data":{"duration":379758}},{"data":{"duration":198364}},{"data":{"duration":197902}},{"data":{"duration":214699}},{"data":{"duration":198862}},{"data":{"duration":324139}},{"data":{"duration":218948}},{"data":{"duration":211481}},{"data":{"duration":224842}},{"data":{"duration":223507}},{"data":{"duration":218172}},{"data":{"duration":179055}},{"data":{"duration":193705}},{"data":{"duration":224926}},{"data":{"duration":214842}},{"data":{"duration":255442}},{"data":{"duration":200823}}]