[{"data":{"duration":1887155}},{"data":{"duration":1687232}},{"data":{"duration":1847616}},{"data":{"duration":1608080}},{"data":{"duration":1672718}},{"data":{"duration":1777256}},{"data":{"duration":1666236}},{"data":{"duration":1377599}},{"data":{"duration":1375582}},{"data":{"duration":1458542}},{"data":{"duration":1753677}},{"data":{"duration":1349344}},{"data":{"duration":977150}},{"data":{"duration":1024599}},{"data":{"duration":727266}},{"data":{"duration":740780}},{"data":{"duration":704306}},{"data":{"duration":777823}},{"data":{"duration":654754}},{"data":{"duration":740680}}]