[{"data":{"duration":1646439}},{"data":{"duration":1223337}},{"data":{"duration":1680226}},{"data":{"duration":986239}},{"data":{"duration":1062428}},{"data":{"duration":1149496}},{"data":{"duration":1076967}},{"data":{"duration":1480254}},{"data":{"duration":1114110}},{"data":{"duration":1112462}},{"data":{"duration":1722067}},{"data":{"duration":1542129}},{"data":{"duration":1670641}},{"data":{"duration":1627782}},{"data":{"duration":1529789}},{"data":{"duration":1544952}},{"data":{"duration":1688375}},{"data":{"duration":1560600}},{"data":{"duration":1678441}},{"data":{"duration":1567641}}]