[{"data":{"duration":977150}},{"data":{"duration":1024599}},{"data":{"duration":727266}},{"data":{"duration":740780}},{"data":{"duration":704306}},{"data":{"duration":777823}},{"data":{"duration":654754}},{"data":{"duration":740680}},{"data":{"duration":686412}},{"data":{"duration":652946}},{"data":{"duration":560472}},{"data":{"duration":584331}},{"data":{"duration":590323}},{"data":{"duration":571822}},{"data":{"duration":663653}},{"data":{"duration":768357}},{"data":{"duration":550461}},{"data":{"duration":472421}},{"data":{"duration":511039}},{"data":{"duration":568457}}]