[{"data":{"duration":2165762}},{"data":{"duration":1505089}},{"data":{"duration":1733490}},{"data":{"duration":1679403}},{"data":{"duration":1535417}},{"data":{"duration":1898171}},{"data":{"duration":2031888}},{"data":{"duration":1967404}},{"data":{"duration":2114517}},{"data":{"duration":1636931}},{"data":{"duration":1697602}},{"data":{"duration":1598499}},{"data":{"duration":1578590}},{"data":{"duration":1546506}},{"data":{"duration":1513003}},{"data":{"duration":1582818}},{"data":{"duration":1667814}},{"data":{"duration":1696410}},{"data":{"duration":1872559}},{"data":{"duration":1799477}}]