[{"data":{"duration":1631158}},{"data":{"duration":1483450}},{"data":{"duration":1556769}},{"data":{"duration":1067885}},{"data":{"duration":1697213}},{"data":{"duration":1551374}},{"data":{"duration":1524792}},{"data":{"duration":1622194}},{"data":{"duration":881911}},{"data":{"duration":1694249}},{"data":{"duration":2958818}},{"data":{"duration":1578760}},{"data":{"duration":1679298}},{"data":{"duration":1508481}},{"data":{"duration":1746582}},{"data":{"duration":1606998}},{"data":{"duration":1632441}},{"data":{"duration":1748789}},{"data":{"duration":1567023}},{"data":{"duration":1637670}}]