[{"data":{"duration":1480254}},{"data":{"duration":1114110}},{"data":{"duration":1112462}},{"data":{"duration":1722067}},{"data":{"duration":1542129}},{"data":{"duration":1670641}},{"data":{"duration":1627782}},{"data":{"duration":1529789}},{"data":{"duration":1544952}},{"data":{"duration":1688375}},{"data":{"duration":1560600}},{"data":{"duration":1678441}},{"data":{"duration":1567641}},{"data":{"duration":1546797}},{"data":{"duration":1588001}},{"data":{"duration":1631158}},{"data":{"duration":1483450}},{"data":{"duration":1556769}},{"data":{"duration":1067885}},{"data":{"duration":1697213}}]