[{"data":{"duration":1546506}},{"data":{"duration":1513003}},{"data":{"duration":1582818}},{"data":{"duration":1667814}},{"data":{"duration":1696410}},{"data":{"duration":1872559}},{"data":{"duration":1799477}},{"data":{"duration":1693287}},{"data":{"duration":1734896}},{"data":{"duration":1598891}},{"data":{"duration":1701853}},{"data":{"duration":1616263}},{"data":{"duration":1646439}},{"data":{"duration":1223337}},{"data":{"duration":1680226}},{"data":{"duration":986239}},{"data":{"duration":1062428}},{"data":{"duration":1149496}},{"data":{"duration":1076967}},{"data":{"duration":1480254}}]