{"fb04e8af0af075a189ebfac64bb89a35":{"statistic":{"failed":0,"broken":0,"skipped":0,"passed":6,"unknown":0,"total":6},"items":[{"uid":"fcd57e26fbbc19f8","status":"passed","time":{"start":1756471507327,"stop":1756471515895,"duration":8568}},{"uid":"1ff88e7b200fa6d5","status":"passed","time":{"start":1756470631259,"stop":1756470640958,"duration":9699}},{"uid":"4253ba9f6fa06ee1","status":"passed","time":{"start":1756470280809,"stop":1756470288831,"duration":8022}},{"uid":"bfc557125d39eb49","status":"passed","time":{"start":1756468827574,"stop":1756468836753,"duration":9179}},{"uid":"fb26112d8d48f248","status":"passed","time":{"start":1756467576396,"stop":1756467586040,"duration":9644}},{"uid":"fa723516f5a8ef57","status":"passed","time":{"start":1756467037458,"stop":1756467046737,"duration":9279}}]},"0afc6142877ea813c158614bec4de66a":{"statistic":{"failed":0,"broken":0,"skipped":0,"passed":8,"unknown":0,"total":8},"items":[{"uid":"c6deee40565fe72c","status":"passed","time":{"start":1756471492506,"stop":1756471499483,"duration":6977}},{"uid":"974c64ab279aa837","status":"passed","time":{"start":1756470612697,"stop":1756470621422,"duration":8725}},{"uid":"e43b6b6247e7009d","status":"passed","time":{"start":1756470266627,"stop":1756470273514,"duration":6887}},{"uid":"f5e5ef8ce6e1b705","status":"passed","time":{"start":1756468810979,"stop":1756468818972,"duration":7993}},{"uid":"5370e154512f5823","status":"passed","time":{"start":1756467560120,"stop":1756467567970,"duration":7850}},{"uid":"2a23422ceb32c8c8","status":"passed","time":{"start":1756467018830,"stop":1756467028100,"duration":9270}},{"uid":"ad54dcdef33287fc","status":"passed","time":{"start":1756466667944,"stop":1756466676088,"duration":8144}},{"uid":"54c2609970db6cd2","status":"passed","time":{"start":1756466319202,"stop":1756466328821,"duration":9619}}]},"f1b2b57aa95c623e103714eb605ef98f":{"statistic":{"failed":0,"broken":0,"skipped":6,"passed":0,"unknown":0,"total":6},"items":[{"uid":"7a70772f2981a7d9","status":"skipped","statusDetails":"Skipped: Пример теста","time":{"start":1756471465726,"stop":1756471465726,"duration":0}},{"uid":"14d1c2e03321d6be","status":"skipped","statusDetails":"Skipped: Пример теста","time":{"start":1756470591959,"stop":1756470591959,"duration":0}},{"uid":"5e94c1c04d0bf10f","status":"skipped","statusDetails":"Skipped: Пример теста","time":{"start":1756470311538,"stop":1756470311538,"duration":0}},{"uid":"e6fdf270e4be63ea","status":"skipped","statusDetails":"Skipped: Пример теста","time":{"start":1756468827995,"stop":1756468827995,"duration":0}},{"uid":"e3217c32e45aac35","status":"skipped","statusDetails":"Skipped: Пример теста","time":{"start":1756467620913,"stop":1756467620913,"duration":0}},{"uid":"9eae13cbe9d1116c","status":"skipped","statusDetails":"Skipped: Пример теста","time":{"start":1756467023250,"stop":1756467023250,"duration":0}}]},"bdda86db0e54c042d3634e834ad22237":{"statistic":{"failed":0,"broken":0,"skipped":0,"passed":8,"unknown":0,"total":8},"items":[{"uid":"74ef33bcaf67aaa0","status":"passed","time":{"start":1756471552788,"stop":1756471559298,"duration":6510}},{"uid":"6ad27bfb58a8575a","status":"passed","time":{"start":1756470675965,"stop":1756470683360,"duration":7395}},{"uid":"7b256487def39c4e","status":"passed","time":{"start":1756470325548,"stop":1756470332478,"duration":6930}},{"uid":"d60796d2fa16673a","status":"passed","time":{"start":1756468865029,"stop":1756468871344,"duration":6315}},{"uid":"3f44499613489a9d","status":"passed","time":{"start":1756467627556,"stop":1756467634358,"duration":6802}},{"uid":"c1f3458546604f99","status":"passed","time":{"start":1756467083004,"stop":1756467089305,"duration":6301}},{"uid":"1ab9e2bdf4cb017c","status":"passed","time":{"start":1756466748824,"stop":1756466758192,"duration":9368}},{"uid":"eccf5dc547d25b5c","status":"passed","time":{"start":1756466418270,"stop":1756466427226,"duration":8956}}]},"680a209e9f599cb6746ff647ae867624":{"statistic":{"failed":0,"broken":0,"skipped":0,"passed":6,"unknown":0,"total":6},"items":[{"uid":"714598674dcd7e82","status":"passed","time":{"start":1756471497359,"stop":1756471504215,"duration":6856}},{"uid":"2d846f448c1eb681","status":"passed","time":{"start":1756470626136,"stop":1756470632832,"duration":6696}},{"uid":"64d73cb269e707e7","status":"passed","time":{"start":1756470348981,"stop":1756470355498,"duration":6517}},{"uid":"5b51d170cfdfb813","status":"passed","time":{"start":1756468865967,"stop":1756468873268,"duration":7301}},{"uid":"6312190509e1c5fb","status":"passed","time":{"start":1756467658156,"stop":1756467665559,"duration":7403}},{"uid":"bc632af148c43fad","status":"passed","time":{"start":1756467061348,"stop":1756467069281,"duration":7933}}]},"e5263dd147bc22bd0c4d2a4392260379":{"statistic":{"failed":0,"broken":0,"skipped":0,"passed":6,"unknown":0,"total":6},"items":[{"uid":"fed2cee326454e03","status":"passed","time":{"start":1756471519549,"stop":1756471552542,"duration":32993}},{"uid":"cc8a5d8b49d1586c","status":"passed","time":{"start":1756470639306,"stop":1756470675565,"duration":36259}},{"uid":"f42271dc628dbeaa","status":"passed","time":{"start":1756470291108,"stop":1756470325366,"duration":34258}},{"uid":"4a2823046ea4880d","status":"passed","time":{"start":1756468830410,"stop":1756468864784,"duration":34374}},{"uid":"2aaaa5f98e7ca0e3","status":"passed","time":{"start":1756467593256,"stop":1756467627278,"duration":34022}},{"uid":"203af2c68ce75229","status":"passed","time":{"start":1756467049692,"stop":1756467082677,"duration":32985}}]},"41e5947a8622ab8af491f2e3c723d6aa":{"statistic":{"failed":0,"broken":0,"skipped":0,"passed":6,"unknown":0,"total":6},"items":[{"uid":"4e013f540da89da5","status":"passed","time":{"start":1756471565024,"stop":1756471572495,"duration":7471}},{"uid":"1be77b656a243741","status":"passed","time":{"start":1756470695148,"stop":1756470702623,"duration":7475}},{"uid":"d31cb85be580f6b0","status":"passed","time":{"start":1756470418844,"stop":1756470426468,"duration":7624}},{"uid":"9c7b0f7762632d6e","status":"passed","time":{"start":1756468939231,"stop":1756468947856,"duration":8625}},{"uid":"e0c7836da0da9329","status":"passed","time":{"start":1756467731469,"stop":1756467740104,"duration":8635}},{"uid":"9d19e73c3bce6364","status":"passed","time":{"start":1756467135719,"stop":1756467144252,"duration":8533}}]},"e0b123a7591139358d9e219514ceafa8":{"statistic":{"failed":0,"broken":0,"skipped":0,"passed":6,"unknown":0,"total":6},"items":[{"uid":"c9b4b659e9e8d0c4","status":"passed","time":{"start":1756471607021,"stop":1756471618379,"duration":11358}},{"uid":"c81f90e35ae18062","status":"passed","time":{"start":1756470732778,"stop":1756470744608,"duration":11830}},{"uid":"1136ecc18201dd8b","status":"passed","time":{"start":1756470377600,"stop":1756470389309,"duration":11709}},{"uid":"6e6c6395112dfe95","status":"passed","time":{"start":1756468914330,"stop":1756468925069,"duration":10739}},{"uid":"ff91bb25060ae5e1","status":"passed","time":{"start":1756467681803,"stop":1756467694914,"duration":13111}},{"uid":"44769e3aff73498b","status":"passed","time":{"start":1756467134155,"stop":1756467145415,"duration":11260}}]},"ebdc9f6b1820601d86aaa656f3317778":{"statistic":{"failed":0,"broken":0,"skipped":0,"passed":6,"unknown":0,"total":6},"items":[{"uid":"6f4afcbac9e9e4b6","status":"passed","time":{"start":1756471504421,"stop":1756471511895,"duration":7474}},{"uid":"9dc4b3b45cb5582b","status":"passed","time":{"start":1756470633035,"stop":1756470640957,"duration":7922}},{"uid":"22e5576c20b67105","status":"passed","time":{"start":1756470355715,"stop":1756470364507,"duration":8792}},{"uid":"627a550852bdb693","status":"passed","time":{"start":1756468873476,"stop":1756468881952,"duration":8476}},{"uid":"27f32d48afa80bb","status":"passed","time":{"start":1756467665771,"stop":1756467674442,"duration":8671}},{"uid":"518835aa1a61653b","status":"passed","time":{"start":1756467069480,"stop":1756467078128,"duration":8648}}]},"e390050e83ea94c53cdf1c51b4865fc5":{"statistic":{"failed":0,"broken":0,"skipped":0,"passed":6,"unknown":0,"total":6},"items":[{"uid":"22a216172193a4ea","status":"passed","time":{"start":1756471592367,"stop":1756471604111,"duration":11744}},{"uid":"2031145845be6cf4","status":"passed","time":{"start":1756470725390,"stop":1756470738972,"duration":13582}},{"uid":"482190dcba623f91","status":"passed","time":{"start":1756470446906,"stop":1756470459278,"duration":12372}},{"uid":"7c67f1f3e864b023","status":"passed","time":{"start":1756468970820,"stop":1756468986002,"duration":15182}},{"uid":"4bd00121612421f","status":"passed","time":{"start":1756467763508,"stop":1756467778315,"duration":14807}},{"uid":"ac56caa27da1c479","status":"passed","time":{"start":1756467167483,"stop":1756467182455,"duration":14972}}]},"c55894fe1d43a0b545832583489105cb":{"statistic":{"failed":0,"broken":0,"skipped":6,"passed":0,"unknown":0,"total":6},"items":[{"uid":"aa455f4f318b9a7","status":"skipped","statusDetails":"Skipped: Пример теста","time":{"start":1756471458449,"stop":1756471458449,"duration":0}},{"uid":"3800501411899013","status":"skipped","statusDetails":"Skipped: Пример теста","time":{"start":1756470573335,"stop":1756470573335,"duration":0}},{"uid":"46d68a9ae0be0ce6","status":"skipped","statusDetails":"Skipped: Пример теста","time":{"start":1756470234352,"stop":1756470234352,"duration":0}},{"uid":"44168bbed2f91f08","status":"skipped","statusDetails":"Skipped: Пример теста","time":{"start":1756468771160,"stop":1756468771160,"duration":0}},{"uid":"d2723f1e3d6d1c8","status":"skipped","statusDetails":"Skipped: Пример теста","time":{"start":1756467522873,"stop":1756467522873,"duration":0}},{"uid":"25e5091f9704cec7","status":"skipped","statusDetails":"Skipped: Пример теста","time":{"start":1756466981632,"stop":1756466981632,"duration":0}}]},"2ca1515345bbbb9e5e6bb4d28d7d5e51":{"statistic":{"failed":0,"broken":0,"skipped":0,"passed":6,"unknown":0,"total":6},"items":[{"uid":"18d84aa2f093be54","status":"passed","time":{"start":1756471584781,"stop":1756471592148,"duration":7367}},{"uid":"8d28f15014356962","status":"passed","time":{"start":1756470717710,"stop":1756470725176,"duration":7466}},{"uid":"af940c6b14b8047e","status":"passed","time":{"start":1756470439044,"stop":1756470446684,"duration":7640}},{"uid":"b3c3fcde10da8e1f","status":"passed","time":{"start":1756468962213,"stop":1756468970594,"duration":8381}},{"uid":"86fabfe99a87d703","status":"passed","time":{"start":1756467754724,"stop":1756467763281,"duration":8557}},{"uid":"a861e0a6a4395fd","status":"passed","time":{"start":1756467158824,"stop":1756467167267,"duration":8443}}]},"b2ad04fb7facc92ac34814cff2c0088e":{"statistic":{"failed":0,"broken":0,"skipped":0,"passed":6,"unknown":0,"total":6},"items":[{"uid":"18b5df23b6f72b","status":"passed","time":{"start":1756471462460,"stop":1756471491939,"duration":29479}},{"uid":"889e58aad051d461","status":"passed","time":{"start":1756470576924,"stop":1756470612219,"duration":35295}},{"uid":"b6bd03787426f9cd","status":"passed","time":{"start":1756470237241,"stop":1756470266176,"duration":28935}},{"uid":"7a0586cc519cc126","status":"passed","time":{"start":1756468777308,"stop":1756468810449,"duration":33141}},{"uid":"53b6472dd09b80b1","status":"passed","time":{"start":1756467526811,"stop":1756467559757,"duration":32946}},{"uid":"f95f0680751c8ef1","status":"passed","time":{"start":1756466984013,"stop":1756467018262,"duration":34249}}]},"c130b9c2a51544ba578e8d6bd661fad8":{"statistic":{"failed":0,"broken":0,"skipped":0,"passed":8,"unknown":0,"total":8},"items":[{"uid":"695927c05e008aa0","status":"passed","time":{"start":1756471490752,"stop":1756471497156,"duration":6404}},{"uid":"95b919ab6b4ebba4","status":"passed","time":{"start":1756470619358,"stop":1756470625943,"duration":6585}},{"uid":"5adb5e82905e445e","status":"passed","time":{"start":1756470340401,"stop":1756470348768,"duration":8367}},{"uid":"a281f439bc0b586c","status":"passed","time":{"start":1756468858412,"stop":1756468865764,"duration":7352}},{"uid":"99de3992bf15743c","status":"passed","time":{"start":1756467650604,"stop":1756467657953,"duration":7349}},{"uid":"ca86771c526b8fd8","status":"passed","time":{"start":1756467053895,"stop":1756467061150,"duration":7255}},{"uid":"7e152ad90add80b","status":"passed","time":{"start":1756466686688,"stop":1756466693358,"duration":6670}},{"uid":"dea4c565d1b8fdea","status":"passed","time":{"start":1756466354667,"stop":1756466362290,"duration":7623}}]},"aeacc6bd601ac017fe7d350f8df85b3c":{"statistic":{"failed":0,"broken":0,"skipped":0,"passed":6,"unknown":0,"total":6},"items":[{"uid":"4b59e798c2a4b554","status":"passed","time":{"start":1756471618447,"stop":1756471625981,"duration":7534}},{"uid":"266e49fc08fc0a47","status":"passed","time":{"start":1756470744685,"stop":1756470752570,"duration":7885}},{"uid":"c31af49e0082ac5","status":"passed","time":{"start":1756470389385,"stop":1756470397001,"duration":7616}},{"uid":"10dc1d480fd702d9","status":"passed","time":{"start":1756468925137,"stop":1756468932461,"duration":7324}},{"uid":"b47fb905564c3da","status":"passed","time":{"start":1756467694982,"stop":1756467702815,"duration":7833}},{"uid":"b3c6ab2b343e2289","status":"passed","time":{"start":1756467145483,"stop":1756467152854,"duration":7371}}]},"d233dfd39762468603d66da32746cd61":{"statistic":{"failed":0,"broken":0,"skipped":0,"passed":6,"unknown":0,"total":6},"items":[{"uid":"1aae0ea8602a1710","status":"passed","time":{"start":1756471550670,"stop":1756471563360,"duration":12690}},{"uid":"67f8f147255018aa","status":"passed","time":{"start":1756470680094,"stop":1756470694386,"duration":14292}},{"uid":"e76c4d3ea6663bfa","status":"passed","time":{"start":1756470323230,"stop":1756470335858,"duration":12628}},{"uid":"2dfa832b0d1f8263","status":"passed","time":{"start":1756468875069,"stop":1756468888561,"duration":13492}},{"uid":"316fad81e64fa50b","status":"passed","time":{"start":1756467628039,"stop":1756467642323,"duration":14284}},{"uid":"2164f31204348a49","status":"passed","time":{"start":1756467087271,"stop":1756467102836,"duration":15565}}]},"43cc7076ed4412edab1395a4288a97d3":{"statistic":{"failed":0,"broken":0,"skipped":0,"passed":6,"unknown":0,"total":6},"items":[{"uid":"5c71516242dfd0a","status":"passed","time":{"start":1756471573642,"stop":1756471585740,"duration":12098}},{"uid":"b3f0bc0956515305","status":"passed","time":{"start":1756470698626,"stop":1756470711725,"duration":13099}},{"uid":"610086bd71a26b04","status":"passed","time":{"start":1756470346548,"stop":1756470358205,"duration":11657}},{"uid":"3e9745d72af52a37","status":"passed","time":{"start":1756468885053,"stop":1756468896043,"duration":10990}},{"uid":"20bea14baabd0c6c","status":"passed","time":{"start":1756467649183,"stop":1756467661356,"duration":12173}},{"uid":"67ed23aa1ef1c120","status":"passed","time":{"start":1756467103763,"stop":1756467115144,"duration":11381}}]},"430e3cd77981f7a35d9444e233bd7b2d":{"statistic":{"failed":0,"broken":0,"skipped":0,"passed":6,"unknown":0,"total":6},"items":[{"uid":"749102e98bbda947","status":"passed","time":{"start":1756471523609,"stop":1756471564809,"duration":41200}},{"uid":"1f09d1c0d3d47536","status":"passed","time":{"start":1756470653899,"stop":1756470694946,"duration":41047}},{"uid":"a86ae9f61707e8da","status":"passed","time":{"start":1756470377115,"stop":1756470418625,"duration":41510}},{"uid":"72df2954f024212d","status":"passed","time":{"start":1756468896544,"stop":1756468939009,"duration":42465}},{"uid":"2436a8f244becc25","status":"passed","time":{"start":1756467688880,"stop":1756467731248,"duration":42368}},{"uid":"82b5ef42d4f8f0da","status":"passed","time":{"start":1756467093019,"stop":1756467135514,"duration":42495}}]},"287bc32e21d6ec5a8b3ed5e40e60afe3":{"statistic":{"failed":0,"broken":0,"skipped":0,"passed":6,"unknown":0,"total":6},"items":[{"uid":"f24c1c15f3412acb","status":"passed","time":{"start":1756471563958,"stop":1756471571676,"duration":7718}},{"uid":"c7b4f023e65bbff7","status":"passed","time":{"start":1756470694777,"stop":1756470704139,"duration":9362}},{"uid":"9780341d77b67edd","status":"passed","time":{"start":1756470336361,"stop":1756470344036,"duration":7675}},{"uid":"4fec34fca7bc2e79","status":"passed","time":{"start":1756468889027,"stop":1756468897814,"duration":8787}},{"uid":"445cb8ac3a967699","status":"passed","time":{"start":1756467642664,"stop":1756467651962,"duration":9298}},{"uid":"375c4d9dea1822f8","status":"passed","time":{"start":1756467103401,"stop":1756467113118,"duration":9717}}]},"c66b8ea3c354be710c5c46c833508ce7":{"statistic":{"failed":0,"broken":0,"skipped":0,"passed":6,"unknown":0,"total":6},"items":[{"uid":"f419e43a93bdf671","status":"passed","time":{"start":1756471542482,"stop":1756471550324,"duration":7842}},{"uid":"f0d055e9e9c24074","status":"passed","time":{"start":1756470670258,"stop":1756470679661,"duration":9403}},{"uid":"8367b4595d5c3e9d","status":"passed","time":{"start":1756470314846,"stop":1756470322883,"duration":8037}},{"uid":"c592398f91f6a072","status":"passed","time":{"start":1756468866132,"stop":1756468874690,"duration":8558}},{"uid":"13b1905feea31e83","status":"passed","time":{"start":1756467618435,"stop":1756467627773,"duration":9338}},{"uid":"9a9d4c1739eb15a","status":"passed","time":{"start":1756467077316,"stop":1756467086865,"duration":9549}}]},"e835fb9011b375b6847857cd83b3b197":{"statistic":{"failed":0,"broken":0,"skipped":0,"passed":6,"unknown":0,"total":6},"items":[{"uid":"8f779b24dc10b345","status":"passed","time":{"start":1756471530107,"stop":1756471542127,"duration":12020}},{"uid":"b05224f06b563aed","status":"passed","time":{"start":1756470656355,"stop":1756470669952,"duration":13597}},{"uid":"e13e33b2acb99b8","status":"passed","time":{"start":1756470301530,"stop":1756470314301,"duration":12771}},{"uid":"3c388599d9655c07","status":"passed","time":{"start":1756468852830,"stop":1756468865658,"duration":12828}},{"uid":"a0af176e003cecf","status":"passed","time":{"start":1756467603666,"stop":1756467618088,"duration":14422}},{"uid":"946f20fc27d92ef9","status":"passed","time":{"start":1756467062139,"stop":1756467076944,"duration":14805}}]},"35d99de1e63c06491b26d04ed7da46ac":{"statistic":{"failed":0,"broken":0,"skipped":0,"passed":6,"unknown":0,"total":6},"items":[{"uid":"18e0274d97396a47","status":"passed","time":{"start":1756471571995,"stop":1756471585548,"duration":13553}},{"uid":"658ccc9b20fcc78","status":"passed","time":{"start":1756470704472,"stop":1756470721256,"duration":16784}},{"uid":"639f74fbd7a9e99a","status":"passed","time":{"start":1756470344508,"stop":1756470358369,"duration":13861}},{"uid":"fb3271934f13f530","status":"passed","time":{"start":1756468898217,"stop":1756468912036,"duration":13819}},{"uid":"d47c1297b9c045b","status":"passed","time":{"start":1756467652194,"stop":1756467667550,"duration":15356}},{"uid":"6c2463802d94728c","status":"passed","time":{"start":1756467113520,"stop":1756467130047,"duration":16527}}]},"a95c3ab8edbe18d6435203997fad25a2":{"statistic":{"failed":0,"broken":0,"skipped":0,"passed":6,"unknown":0,"total":6},"items":[{"uid":"efa91e9a7ee89802","status":"passed","time":{"start":1756471559381,"stop":1756471565974,"duration":6593}},{"uid":"6f0b0a97f8124333","status":"passed","time":{"start":1756470683443,"stop":1756470690268,"duration":6825}},{"uid":"58467d8180c4b7eb","status":"passed","time":{"start":1756470332553,"stop":1756470338960,"duration":6407}},{"uid":"15fed2116c50b3e9","status":"passed","time":{"start":1756468871416,"stop":1756468877627,"duration":6211}},{"uid":"7f6a081b31deaf6","status":"passed","time":{"start":1756467634435,"stop":1756467641210,"duration":6775}},{"uid":"b30e51ab47ea550d","status":"passed","time":{"start":1756467089386,"stop":1756467096086,"duration":6700}}]},"554de5d66bb3a2a06a0b02c20174c04d":{"statistic":{"failed":0,"broken":0,"skipped":0,"passed":6,"unknown":0,"total":6},"items":[{"uid":"ffeacc53a6b69484","status":"passed","time":{"start":1756471585815,"stop":1756471597406,"duration":11591}},{"uid":"f69ef7c893365a57","status":"passed","time":{"start":1756470711795,"stop":1756470724478,"duration":12683}},{"uid":"e25fcd991df71f7","status":"passed","time":{"start":1756470358281,"stop":1756470369807,"duration":11526}},{"uid":"6eb8f2ba8dfe962f","status":"passed","time":{"start":1756468896112,"stop":1756468906806,"duration":10694}},{"uid":"191a281ea5e499ab","status":"passed","time":{"start":1756467661425,"stop":1756467673775,"duration":12350}},{"uid":"fa342db6fa597f68","status":"passed","time":{"start":1756467115215,"stop":1756467126599,"duration":11384}}]},"6202076fdec220d0a23ede5cca4d5dce":{"statistic":{"failed":0,"broken":0,"skipped":0,"passed":6,"unknown":0,"total":6},"items":[{"uid":"5c0d6e447c470e05","status":"passed","time":{"start":1756471597477,"stop":1756471606950,"duration":9473}},{"uid":"b786d55b3a0a9ef0","status":"passed","time":{"start":1756470724553,"stop":1756470732704,"duration":8151}},{"uid":"bbeefdd27ded68b8","status":"passed","time":{"start":1756470369881,"stop":1756470377524,"duration":7643}},{"uid":"b4340e9fe155d196","status":"passed","time":{"start":1756468906872,"stop":1756468914261,"duration":7389}},{"uid":"5516387e1010adee","status":"passed","time":{"start":1756467673843,"stop":1756467681737,"duration":7894}},{"uid":"a68a3303485efbab","status":"passed","time":{"start":1756467126666,"stop":1756467134088,"duration":7422}}]},"832dfbb2c20ecbfcf060aecb68b55bf2":{"statistic":{"failed":0,"broken":0,"skipped":0,"passed":6,"unknown":0,"total":6},"items":[{"uid":"f041b8f34f0711b5","status":"passed","time":{"start":1756471516285,"stop":1756471529585,"duration":13300}},{"uid":"ae8ace6b065c497a","status":"passed","time":{"start":1756470641364,"stop":1756470655978,"duration":14614}},{"uid":"586d8cc781685c1","status":"passed","time":{"start":1756470289219,"stop":1756470301227,"duration":12008}},{"uid":"473b7fa1d5fcf1a9","status":"passed","time":{"start":1756468837205,"stop":1756468852376,"duration":15171}},{"uid":"7830aea7acac9311","status":"passed","time":{"start":1756467586383,"stop":1756467603180,"duration":16797}},{"uid":"54148730276bf5b8","status":"passed","time":{"start":1756467046933,"stop":1756467061725,"duration":14792}}]},"ed3012cf3e0d42033d1729835921f86f":{"statistic":{"failed":0,"broken":0,"skipped":0,"passed":6,"unknown":0,"total":6},"items":[{"uid":"a91c9f145c7c8b5","status":"passed","time":{"start":1756471572705,"stop":1756471584579,"duration":11874}},{"uid":"d79273a14ef96fd2","status":"passed","time":{"start":1756470702819,"stop":1756470717498,"duration":14679}},{"uid":"4a0492882bd41b59","status":"passed","time":{"start":1756470426671,"stop":1756470438837,"duration":12166}},{"uid":"f3e176a965780cbd","status":"passed","time":{"start":1756468948058,"stop":1756468961993,"duration":13935}},{"uid":"c9c85b5edfcb22cc","status":"passed","time":{"start":1756467740312,"stop":1756467754504,"duration":14192}},{"uid":"e8137a2cb6a405e","status":"passed","time":{"start":1756467144718,"stop":1756467158620,"duration":13902}}]},"4371f2f3af21df75d15556180f75feb7":{"statistic":{"failed":0,"broken":0,"skipped":0,"passed":6,"unknown":0,"total":6},"items":[{"uid":"f6ee52ad0488bbe9","status":"passed","time":{"start":1756471499920,"stop":1756471506914,"duration":6994}},{"uid":"5a2e9589b67b2a22","status":"passed","time":{"start":1756470621861,"stop":1756470630955,"duration":9094}},{"uid":"9dd64483c62a181f","status":"passed","time":{"start":1756470273828,"stop":1756470280373,"duration":6545}},{"uid":"3ad6e50a69d17800","status":"passed","time":{"start":1756468819382,"stop":1756468827188,"duration":7806}},{"uid":"f845c47af8e9bea3","status":"passed","time":{"start":1756467568131,"stop":1756467576216,"duration":8085}},{"uid":"c581165ee7e89183","status":"passed","time":{"start":1756467028500,"stop":1756467037173,"duration":8673}}]},"02dab720ca452495c85d82fdb1368da2":{"statistic":{"failed":0,"broken":0,"skipped":0,"passed":6,"unknown":0,"total":6},"items":[{"uid":"7982bab809e2ac1b","status":"passed","time":{"start":1756471467243,"stop":1756471490556,"duration":23313}},{"uid":"a9aacf54af6c64ff","status":"passed","time":{"start":1756470593749,"stop":1756470619148,"duration":25399}},{"uid":"d641fa9980728ca5","status":"passed","time":{"start":1756470313146,"stop":1756470340178,"duration":27032}},{"uid":"d0f2a852c3244f9d","status":"passed","time":{"start":1756468829515,"stop":1756468858195,"duration":28680}},{"uid":"3af2ff986bfd696f","status":"passed","time":{"start":1756467622514,"stop":1756467650406,"duration":27892}},{"uid":"bfa3ab1377889811","status":"passed","time":{"start":1756467024747,"stop":1756467053700,"duration":28953}}]},"febb5c0af15d7b8f81ceb388c3ff6118":{"statistic":{"failed":0,"broken":0,"skipped":0,"passed":6,"unknown":0,"total":6},"items":[{"uid":"8e4c258c89bd3fd1","status":"passed","time":{"start":1756471512099,"stop":1756471523406,"duration":11307}},{"uid":"406b30cea8b3fa88","status":"passed","time":{"start":1756470641155,"stop":1756470653703,"duration":12548}},{"uid":"99ef0f2d8026285b","status":"passed","time":{"start":1756470364712,"stop":1756470376881,"duration":12169}},{"uid":"e31d868589188b1a","status":"passed","time":{"start":1756468882163,"stop":1756468896335,"duration":14172}},{"uid":"9aa49693dd45e6fd","status":"passed","time":{"start":1756467674659,"stop":1756467688666,"duration":14007}},{"uid":"dafb36dd55a55889","status":"passed","time":{"start":1756467078351,"stop":1756467092796,"duration":14445}}]},"3394ce6d868e302b52a3c89b70f9c8d6":{"statistic":{"failed":0,"broken":0,"skipped":6,"passed":0,"unknown":0,"total":6},"items":[{"uid":"eb79662dcfe79b74","status":"skipped","statusDetails":"Skipped: Пример теста","time":{"start":1756471518657,"stop":1756471518657,"duration":0}},{"uid":"25927905951f764b","status":"skipped","statusDetails":"Skipped: Пример теста","time":{"start":1756470638383,"stop":1756470638383,"duration":0}},{"uid":"c9b7b9906b4f5031","status":"skipped","statusDetails":"Skipped: Пример теста","time":{"start":1756470290134,"stop":1756470290134,"duration":0}},{"uid":"8e0fa7ac8e969e72","status":"skipped","statusDetails":"Skipped: Пример теста","time":{"start":1756468829502,"stop":1756468829502,"duration":0}},{"uid":"4d22c7a032a0de","status":"skipped","statusDetails":"Skipped: Пример теста","time":{"start":1756467592365,"stop":1756467592365,"duration":0}},{"uid":"8c9dd8587a3374ed","status":"skipped","statusDetails":"Skipped: Пример теста","time":{"start":1756467048742,"stop":1756467048742,"duration":0}}]},"294129abb18f80a5221de00b9ff40c0f":{"statistic":{"failed":0,"broken":0,"skipped":0,"passed":6,"unknown":0,"total":6},"items":[{"uid":"5a82bd7e09226db","status":"passed","time":{"start":1756471626053,"stop":1756471637504,"duration":11451}},{"uid":"f5aa74e07bc2922","status":"passed","time":{"start":1756470752640,"stop":1756470767040,"duration":14400}},{"uid":"4baba7251b21e91a","status":"passed","time":{"start":1756470397076,"stop":1756470408719,"duration":11643}},{"uid":"136e97b289f1a54e","status":"passed","time":{"start":1756468932552,"stop":1756468943984,"duration":11432}},{"uid":"efb5f50a0f1ab6e8","status":"passed","time":{"start":1756467702882,"stop":1756467714903,"duration":12021}},{"uid":"8624b0db3345edf9","status":"passed","time":{"start":1756467152921,"stop":1756467164308,"duration":11387}}]},"7c8b0d41f739b202bd82a1b89b465dd2":{"statistic":{"failed":0,"broken":0,"skipped":0,"passed":6,"unknown":0,"total":6},"items":[{"uid":"38a721496b22e231","status":"passed","time":{"start":1756471566054,"stop":1756471573572,"duration":7518}},{"uid":"9d3689d57bc4ade2","status":"passed","time":{"start":1756470690343,"stop":1756470698557,"duration":8214}},{"uid":"1695b607dc7ece7a","status":"passed","time":{"start":1756470339038,"stop":1756470346473,"duration":7435}},{"uid":"ff17416afc59a084","status":"passed","time":{"start":1756468877699,"stop":1756468884983,"duration":7284}},{"uid":"784576a6e0b4a3c9","status":"passed","time":{"start":1756467641287,"stop":1756467649117,"duration":7830}},{"uid":"4da61518b068fcc0","status":"passed","time":{"start":1756467096170,"stop":1756467103696,"duration":7526}}]}}