[{"data":{"failed":0,"broken":0,"skipped":3,"passed":30,"unknown":0,"total":33}},{"data":{"failed":0,"broken":0,"skipped":3,"passed":30,"unknown":0,"total":33}},{"data":{"failed":0,"broken":0,"skipped":3,"passed":30,"unknown":0,"total":33}},{"data":{"failed":0,"broken":0,"skipped":3,"passed":30,"unknown":0,"total":33}},{"data":{"failed":0,"broken":0,"skipped":3,"passed":30,"unknown":0,"total":33}},{"data":{"failed":0,"broken":0,"skipped":0,"passed":3,"unknown":0,"total":3}},{"data":{"failed":0,"broken":0,"skipped":0,"passed":3,"unknown":0,"total":3}}]