[{"data":{"failed":0,"broken":0,"skipped":24,"passed":151,"unknown":0,"total":175}},{"data":{"failed":0,"broken":1,"skipped":24,"passed":150,"unknown":0,"total":175}},{"data":{"failed":0,"broken":1,"skipped":24,"passed":150,"unknown":0,"total":175}},{"data":{"failed":0,"broken":1,"skipped":21,"passed":150,"unknown":0,"total":172}},{"data":{"failed":0,"broken":1,"skipped":21,"passed":150,"unknown":0,"total":172}},{"data":{"failed":1,"broken":0,"skipped":20,"passed":128,"unknown":0,"total":149}},{"data":{"failed":0,"broken":0,"skipped":21,"passed":151,"unknown":0,"total":172}},{"data":{"failed":0,"broken":0,"skipped":21,"passed":151,"unknown":0,"total":172}},{"data":{"failed":0,"broken":2,"skipped":21,"passed":149,"unknown":0,"total":172}},{"data":{"failed":0,"broken":1,"skipped":21,"passed":150,"unknown":0,"total":172}},{"data":{"failed":0,"broken":0,"skipped":21,"passed":151,"unknown":0,"total":172}},{"data":{"failed":0,"broken":0,"skipped":21,"passed":151,"unknown":0,"total":172}},{"data":{"failed":0,"broken":0,"skipped":21,"passed":151,"unknown":0,"total":172}},{"data":{"failed":0,"broken":0,"skipped":21,"passed":151,"unknown":0,"total":172}},{"data":{"failed":0,"broken":0,"skipped":21,"passed":151,"unknown":0,"total":172}},{"data":{"failed":0,"broken":0,"skipped":21,"passed":151,"unknown":0,"total":172}},{"data":{"failed":0,"broken":1,"skipped":19,"passed":129,"unknown":0,"total":149}},{"data":{"failed":0,"broken":1,"skipped":19,"passed":129,"unknown":0,"total":149}},{"data":{"failed":0,"broken":1,"skipped":19,"passed":129,"unknown":0,"total":149}},{"data":{"failed":0,"broken":0,"skipped":19,"passed":153,"unknown":0,"total":172}}]