[{"data":{"failed":0,"broken":0,"skipped":24,"passed":151,"unknown":0,"total":175}},{"data":{"failed":0,"broken":0,"skipped":24,"passed":151,"unknown":0,"total":175}},{"data":{"failed":0,"broken":1,"skipped":24,"passed":150,"unknown":0,"total":175}},{"data":{"failed":0,"broken":0,"skipped":24,"passed":151,"unknown":0,"total":175}},{"data":{"failed":0,"broken":0,"skipped":24,"passed":151,"unknown":0,"total":175}},{"data":{"failed":0,"broken":0,"skipped":24,"passed":151,"unknown":0,"total":175}},{"data":{"failed":0,"broken":0,"skipped":24,"passed":151,"unknown":0,"total":175}},{"data":{"failed":0,"broken":1,"skipped":24,"passed":150,"unknown":0,"total":175}},{"data":{"failed":0,"broken":0,"skipped":24,"passed":151,"unknown":0,"total":175}},{"data":{"failed":0,"broken":0,"skipped":24,"passed":151,"unknown":0,"total":175}},{"data":{"failed":0,"broken":3,"skipped":18,"passed":154,"unknown":0,"total":175}},{"data":{"failed":0,"broken":1,"skipped":24,"passed":150,"unknown":0,"total":175}},{"data":{"failed":0,"broken":0,"skipped":24,"passed":151,"unknown":0,"total":175}},{"data":{"failed":0,"broken":0,"skipped":24,"passed":151,"unknown":0,"total":175}},{"data":{"failed":0,"broken":3,"skipped":16,"passed":104,"unknown":0,"total":123}},{"data":{"failed":0,"broken":0,"skipped":24,"passed":151,"unknown":0,"total":175}},{"data":{"failed":0,"broken":0,"skipped":24,"passed":151,"unknown":0,"total":175}},{"data":{"failed":0,"broken":0,"skipped":24,"passed":151,"unknown":0,"total":175}},{"data":{"failed":0,"broken":0,"skipped":24,"passed":151,"unknown":0,"total":175}},{"data":{"failed":0,"broken":2,"skipped":16,"passed":105,"unknown":0,"total":123}}]