[{"data":{"failed":1,"broken":0,"skipped":20,"passed":128,"unknown":0,"total":149}},{"data":{"failed":0,"broken":0,"skipped":21,"passed":151,"unknown":0,"total":172}},{"data":{"failed":0,"broken":0,"skipped":21,"passed":151,"unknown":0,"total":172}},{"data":{"failed":0,"broken":2,"skipped":21,"passed":149,"unknown":0,"total":172}},{"data":{"failed":0,"broken":1,"skipped":21,"passed":150,"unknown":0,"total":172}},{"data":{"failed":0,"broken":0,"skipped":21,"passed":151,"unknown":0,"total":172}},{"data":{"failed":0,"broken":0,"skipped":21,"passed":151,"unknown":0,"total":172}},{"data":{"failed":0,"broken":0,"skipped":21,"passed":151,"unknown":0,"total":172}},{"data":{"failed":0,"broken":0,"skipped":21,"passed":151,"unknown":0,"total":172}},{"data":{"failed":0,"broken":0,"skipped":21,"passed":151,"unknown":0,"total":172}},{"data":{"failed":0,"broken":0,"skipped":21,"passed":151,"unknown":0,"total":172}},{"data":{"failed":0,"broken":1,"skipped":19,"passed":129,"unknown":0,"total":149}},{"data":{"failed":0,"broken":1,"skipped":19,"passed":129,"unknown":0,"total":149}},{"data":{"failed":0,"broken":1,"skipped":19,"passed":129,"unknown":0,"total":149}},{"data":{"failed":0,"broken":0,"skipped":19,"passed":153,"unknown":0,"total":172}},{"data":{"failed":0,"broken":2,"skipped":19,"passed":128,"unknown":0,"total":149}},{"data":{"failed":0,"broken":1,"skipped":11,"passed":76,"unknown":0,"total":88}},{"data":{"failed":0,"broken":0,"skipped":11,"passed":77,"unknown":0,"total":88}},{"data":{"failed":0,"broken":0,"skipped":18,"passed":77,"unknown":0,"total":95}},{"data":{"failed":0,"broken":0,"skipped":18,"passed":77,"unknown":0,"total":95}}]