{"2f3c407a72f7c17f837f604610c6fb06":{"statistic":{"failed":0,"broken":0,"skipped":1,"passed":0,"unknown":0,"total":1},"items":[{"uid":"46cf9078c68eaaad","status":"skipped","statusDetails":"Skipped: Пример теста","time":{"start":1756386197545,"stop":1756386197545,"duration":0}}]},"fb04e8af0af075a189ebfac64bb89a35":{"statistic":{"failed":0,"broken":0,"skipped":0,"passed":1,"unknown":0,"total":1},"items":[{"uid":"3eede4120485e99d","status":"passed","time":{"start":1756386148017,"stop":1756386156551,"duration":8534}}]},"25b46730fb0c983b503dee34fbf76ac0":{"statistic":{"failed":0,"broken":0,"skipped":1,"passed":0,"unknown":0,"total":1},"items":[{"uid":"1e5f13a47e1e9960","status":"skipped","statusDetails":"Skipped: Пример теста","time":{"start":1756386126427,"stop":1756386126427,"duration":0}}]},"0afc6142877ea813c158614bec4de66a":{"statistic":{"failed":0,"broken":0,"skipped":0,"passed":1,"unknown":0,"total":1},"items":[{"uid":"ebc94d43608def39","status":"passed","time":{"start":1756386130820,"stop":1756386139363,"duration":8543}}]},"2708ea96514010342501f8c5e06067da":{"statistic":{"failed":0,"broken":0,"skipped":1,"passed":0,"unknown":0,"total":1},"items":[{"uid":"f2dd845677e3a925","status":"skipped","statusDetails":"Skipped: Пример теста","time":{"start":1756386181523,"stop":1756386181523,"duration":0}}]},"f1b2b57aa95c623e103714eb605ef98f":{"statistic":{"failed":0,"broken":0,"skipped":1,"passed":0,"unknown":0,"total":1},"items":[{"uid":"22fec1321d5dd297","status":"skipped","statusDetails":"Skipped: Пример теста","time":{"start":1756386197542,"stop":1756386197542,"duration":0}}]},"bdda86db0e54c042d3634e834ad22237":{"statistic":{"failed":0,"broken":0,"skipped":0,"passed":1,"unknown":0,"total":1},"items":[{"uid":"45904b9ae7bda0be","status":"passed","time":{"start":1756386182422,"stop":1756386192166,"duration":9744}}]},"ecb4d6a0a0521cbc5d32767882adf420":{"statistic":{"failed":0,"broken":0,"skipped":1,"passed":0,"unknown":0,"total":1},"items":[{"uid":"d4ca96354a1a22ff","status":"skipped","statusDetails":"Skipped: Пример теста","time":{"start":1756386126429,"stop":1756386126429,"duration":0}}]},"f228406a7ba9a74c0e47d107786854f8":{"statistic":{"failed":0,"broken":0,"skipped":1,"passed":0,"unknown":0,"total":1},"items":[{"uid":"e842c7266c782a12","status":"skipped","statusDetails":"Skipped: Флаки тест","time":{"start":1756386206255,"stop":1756386206255,"duration":0}}]},"680a209e9f599cb6746ff647ae867624":{"statistic":{"failed":0,"broken":0,"skipped":0,"passed":1,"unknown":0,"total":1},"items":[{"uid":"a9c100122c4641e8","status":"passed","time":{"start":1756386206445,"stop":1756386212968,"duration":6523}}]},"41e5947a8622ab8af491f2e3c723d6aa":{"statistic":{"failed":0,"broken":0,"skipped":0,"passed":1,"unknown":0,"total":1},"items":[{"uid":"5b86cca788c694be","status":"passed","time":{"start":1756386275080,"stop":1756386282754,"duration":7674}}]},"e0b123a7591139358d9e219514ceafa8":{"statistic":{"failed":0,"broken":0,"skipped":0,"passed":1,"unknown":0,"total":1},"items":[{"uid":"5f8c51d1a9952707","status":"passed","time":{"start":1756386242110,"stop":1756386255065,"duration":12955}}]},"ebdc9f6b1820601d86aaa656f3317778":{"statistic":{"failed":0,"broken":0,"skipped":0,"passed":1,"unknown":0,"total":1},"items":[{"uid":"a88148ed54933c46","status":"passed","time":{"start":1756386213181,"stop":1756386220771,"duration":7590}}]},"e390050e83ea94c53cdf1c51b4865fc5":{"statistic":{"failed":0,"broken":0,"skipped":0,"passed":1,"unknown":0,"total":1},"items":[{"uid":"ff2fed74c279d9fe","status":"passed","time":{"start":1756386302735,"stop":1756386315354,"duration":12619}}]},"32d7b63aaab5dcfb816d566fde43d1be":{"statistic":{"failed":0,"broken":0,"skipped":1,"passed":0,"unknown":0,"total":1},"items":[{"uid":"cf8fdaec53838575","status":"skipped","statusDetails":"Skipped: Пример теста","time":{"start":1756386181523,"stop":1756386181523,"duration":0}}]},"4603c67a6d53700ecfbc0ffaee86cf0c":{"statistic":{"failed":0,"broken":0,"skipped":1,"passed":0,"unknown":0,"total":1},"items":[{"uid":"d4cfa2250f5e95a7","status":"skipped","statusDetails":"Skipped: Пример теста","time":{"start":1756386126434,"stop":1756386126434,"duration":0}}]},"c55894fe1d43a0b545832583489105cb":{"statistic":{"failed":0,"broken":0,"skipped":1,"passed":0,"unknown":0,"total":1},"items":[{"uid":"a15da9704c98a39b","status":"skipped","statusDetails":"Skipped: Пример теста","time":{"start":1756386126423,"stop":1756386126423,"duration":0}}]},"a9a9951f8c089285b29acde4eb6f6dad":{"statistic":{"failed":0,"broken":0,"skipped":1,"passed":0,"unknown":0,"total":1},"items":[{"uid":"866a98988133d024","status":"skipped","statusDetails":"Skipped: Пример теста","time":{"start":1756386181523,"stop":1756386181523,"duration":0}}]},"c130b9c2a51544ba578e8d6bd661fad8":{"statistic":{"failed":0,"broken":0,"skipped":0,"passed":1,"unknown":0,"total":1},"items":[{"uid":"b790eb3fb53d4d55","status":"passed","time":{"start":1756386199090,"stop":1756386206225,"duration":7135}}]},"2ca1515345bbbb9e5e6bb4d28d7d5e51":{"statistic":{"failed":0,"broken":0,"skipped":0,"passed":1,"unknown":0,"total":1},"items":[{"uid":"b158d68c26b6c423","status":"passed","time":{"start":1756386295108,"stop":1756386302530,"duration":7422}}]},"aeacc6bd601ac017fe7d350f8df85b3c":{"statistic":{"failed":0,"broken":0,"skipped":0,"passed":1,"unknown":0,"total":1},"items":[{"uid":"518921eadd778f57","status":"passed","time":{"start":1756386255138,"stop":1756386263435,"duration":8297}}]},"56c7990ceadd8b12fa3c53445cd8e0b9":{"statistic":{"failed":0,"broken":0,"skipped":1,"passed":0,"unknown":0,"total":1},"items":[{"uid":"865a8657a827169f","status":"skipped","statusDetails":"Skipped: Пример теста","time":{"start":1756386197548,"stop":1756386197548,"duration":0}}]},"fa49e38a16fee3460c1ffa73a995e4be":{"statistic":{"failed":0,"broken":0,"skipped":1,"passed":0,"unknown":0,"total":1},"items":[{"uid":"1599c34c0d597d58","status":"skipped","statusDetails":"Skipped: Пример теста","time":{"start":1756386126432,"stop":1756386126432,"duration":0}}]},"d233dfd39762468603d66da32746cd61":{"statistic":{"failed":0,"broken":0,"skipped":0,"passed":1,"unknown":0,"total":1},"items":[{"uid":"639adf80f656517b","status":"passed","time":{"start":1756386192324,"stop":1756386206298,"duration":13974}}]},"430e3cd77981f7a35d9444e233bd7b2d":{"statistic":{"failed":0,"broken":0,"skipped":0,"passed":1,"unknown":0,"total":1},"items":[{"uid":"f7f3466197d47f41","status":"passed","time":{"start":1756386233360,"stop":1756386274880,"duration":41520}}]},"43cc7076ed4412edab1395a4288a97d3":{"statistic":{"failed":0,"broken":0,"skipped":0,"passed":1,"unknown":0,"total":1},"items":[{"uid":"5f4c073660f4b366","status":"passed","time":{"start":1756386208710,"stop":1756386221317,"duration":12607}}]},"06978c2bd36d9a381d7802dcf0ca363b":{"statistic":{"failed":0,"broken":0,"skipped":1,"passed":0,"unknown":0,"total":1},"items":[{"uid":"54d574d6255ea62e","status":"skipped","statusDetails":"Skipped: Пример теста","time":{"start":1756386197544,"stop":1756386197544,"duration":0}}]},"287bc32e21d6ec5a8b3ed5e40e60afe3":{"statistic":{"failed":0,"broken":0,"skipped":0,"passed":1,"unknown":0,"total":1},"items":[{"uid":"b60de8b740e9cacb","status":"passed","time":{"start":1756386206695,"stop":1756386215549,"duration":8854}}]},"c66b8ea3c354be710c5c46c833508ce7":{"statistic":{"failed":0,"broken":0,"skipped":0,"passed":1,"unknown":0,"total":1},"items":[{"uid":"a252b9c79446c050","status":"passed","time":{"start":1756386183277,"stop":1756386192033,"duration":8756}}]},"e835fb9011b375b6847857cd83b3b197":{"statistic":{"failed":0,"broken":0,"skipped":0,"passed":1,"unknown":0,"total":1},"items":[{"uid":"8e7b962d1076122b","status":"passed","time":{"start":1756386170194,"stop":1756386182769,"duration":12575}}]},"8bf0faba2417feb36298c8847f19df9b":{"statistic":{"failed":0,"broken":0,"skipped":1,"passed":0,"unknown":0,"total":1},"items":[{"uid":"9fa4f43ffbedbd54","status":"skipped","statusDetails":"Skipped: Флаки тест","time":{"start":1756386139382,"stop":1756386139382,"duration":0}}]},"a95c3ab8edbe18d6435203997fad25a2":{"statistic":{"failed":0,"broken":0,"skipped":0,"passed":1,"unknown":0,"total":1},"items":[{"uid":"80c470040d1f2cd5","status":"passed","time":{"start":1756386192243,"stop":1756386199978,"duration":7735}}]},"35d99de1e63c06491b26d04ed7da46ac":{"statistic":{"failed":0,"broken":0,"skipped":0,"passed":1,"unknown":0,"total":1},"items":[{"uid":"eedb220c24f4e9f9","status":"passed","time":{"start":1756386215792,"stop":1756386230388,"duration":14596}}]},"6202076fdec220d0a23ede5cca4d5dce":{"statistic":{"failed":0,"broken":0,"skipped":0,"passed":1,"unknown":0,"total":1},"items":[{"uid":"8441ee590e0aed80","status":"passed","time":{"start":1756386233722,"stop":1756386242041,"duration":8319}}]},"554de5d66bb3a2a06a0b02c20174c04d":{"statistic":{"failed":0,"broken":0,"skipped":0,"passed":1,"unknown":0,"total":1},"items":[{"uid":"ff96628aefc2dc1c","status":"passed","time":{"start":1756386221386,"stop":1756386233656,"duration":12270}}]},"6e5ae7bd4dfc4bd489527c4fe3e46394":{"statistic":{"failed":0,"broken":0,"skipped":1,"passed":0,"unknown":0,"total":1},"items":[{"uid":"383e7b7946bcdb49","status":"skipped","statusDetails":"Skipped: Флаки тест","time":{"start":1756386192183,"stop":1756386192183,"duration":0}}]},"ed3012cf3e0d42033d1729835921f86f":{"statistic":{"failed":0,"broken":0,"skipped":0,"passed":1,"unknown":0,"total":1},"items":[{"uid":"b1ede4e8842be642","status":"passed","time":{"start":1756386282962,"stop":1756386294888,"duration":11926}}]},"832dfbb2c20ecbfcf060aecb68b55bf2":{"statistic":{"failed":0,"broken":0,"skipped":0,"passed":1,"unknown":0,"total":1},"items":[{"uid":"338e28c4818da52f","status":"passed","time":{"start":1756386156821,"stop":1756386169785,"duration":12964}}]},"4371f2f3af21df75d15556180f75feb7":{"statistic":{"failed":0,"broken":0,"skipped":0,"passed":1,"unknown":0,"total":1},"items":[{"uid":"6fdb1a0642e42cbf","status":"passed","time":{"start":1756386139737,"stop":1756386147680,"duration":7943}}]},"febb5c0af15d7b8f81ceb388c3ff6118":{"statistic":{"failed":0,"broken":0,"skipped":0,"passed":1,"unknown":0,"total":1},"items":[{"uid":"8036cf3292c2d895","status":"passed","time":{"start":1756386220984,"stop":1756386233147,"duration":12163}}]},"3394ce6d868e302b52a3c89b70f9c8d6":{"statistic":{"failed":0,"broken":0,"skipped":1,"passed":0,"unknown":0,"total":1},"items":[{"uid":"c689d0e0cd76b6c2","status":"skipped","statusDetails":"Skipped: Пример теста","time":{"start":1756386181523,"stop":1756386181523,"duration":0}}]},"bf83a779eccf2e2ef05e825a54f2fa1f":{"statistic":{"failed":0,"broken":0,"skipped":1,"passed":0,"unknown":0,"total":1},"items":[{"uid":"1f1dd75f76d50f5a","status":"skipped","statusDetails":"Skipped: Пример теста","time":{"start":1756386197546,"stop":1756386197546,"duration":0}}]},"d11bedab91f1ef7b16fe253002221cd6":{"statistic":{"failed":0,"broken":0,"skipped":1,"passed":0,"unknown":0,"total":1},"items":[{"uid":"c3932fa2159a635b","status":"skipped","statusDetails":"Skipped: Пример теста","time":{"start":1756386181523,"stop":1756386181523,"duration":0}}]},"294129abb18f80a5221de00b9ff40c0f":{"statistic":{"failed":0,"broken":0,"skipped":0,"passed":1,"unknown":0,"total":1},"items":[{"uid":"3131b840572aaf75","status":"passed","time":{"start":1756386263503,"stop":1756386276540,"duration":13037}}]},"7c8b0d41f739b202bd82a1b89b465dd2":{"statistic":{"failed":0,"broken":0,"skipped":0,"passed":1,"unknown":0,"total":1},"items":[{"uid":"c5ed8ca49aacc209","status":"passed","time":{"start":1756386200052,"stop":1756386208641,"duration":8589}}]}}