[{"data":{"failed":0,"broken":0,"skipped":18,"passed":36,"unknown":0,"total":54}},{"data":{"failed":0,"broken":0,"skipped":18,"passed":36,"unknown":0,"total":54}},{"data":{"failed":0,"broken":1,"skipped":18,"passed":35,"unknown":0,"total":54}},{"data":{"failed":0,"broken":0,"skipped":18,"passed":36,"unknown":0,"total":54}},{"data":{"failed":0,"broken":0,"skipped":18,"passed":36,"unknown":0,"total":54}},{"data":{"failed":0,"broken":0,"skipped":18,"passed":36,"unknown":0,"total":54}},{"data":{"failed":0,"broken":0,"skipped":9,"passed":39,"unknown":0,"total":48}},{"data":{"failed":0,"broken":0,"skipped":9,"passed":39,"unknown":0,"total":48}},{"data":{"failed":0,"broken":0,"skipped":9,"passed":39,"unknown":0,"total":48}},{"data":{"failed":0,"broken":0,"skipped":9,"passed":39,"unknown":0,"total":48}},{"data":{"failed":0,"broken":0,"skipped":9,"passed":39,"unknown":0,"total":48}},{"data":{"failed":0,"broken":0,"skipped":9,"passed":39,"unknown":0,"total":48}},{"data":{"failed":0,"broken":0,"skipped":9,"passed":39,"unknown":0,"total":48}},{"data":{"failed":0,"broken":0,"skipped":3,"passed":33,"unknown":0,"total":36}},{"data":{"failed":0,"broken":0,"skipped":3,"passed":33,"unknown":0,"total":36}},{"data":{"failed":0,"broken":0,"skipped":3,"passed":33,"unknown":0,"total":36}},{"data":{"failed":0,"broken":0,"skipped":3,"passed":30,"unknown":0,"total":33}},{"data":{"failed":0,"broken":0,"skipped":3,"passed":30,"unknown":0,"total":33}},{"data":{"failed":0,"broken":0,"skipped":3,"passed":30,"unknown":0,"total":33}},{"data":{"failed":0,"broken":0,"skipped":3,"passed":30,"unknown":0,"total":33}}]