{"0afc6142877ea813c158614bec4de66a":{"statistic":{"failed":0,"broken":0,"skipped":0,"passed":14,"unknown":0,"total":14},"items":[{"uid":"d071e777feea4a2b","status":"passed","time":{"start":1756714021559,"stop":1756714029229,"duration":7670}},{"uid":"e82e03bfab5fdb89","status":"passed","time":{"start":1756627573337,"stop":1756627581192,"duration":7855}},{"uid":"62feead9e6db3f34","status":"passed","time":{"start":1756582402426,"stop":1756582409777,"duration":7351}},{"uid":"2bd9ed38460ee92","status":"passed","time":{"start":1756541130047,"stop":1756541136653,"duration":6606}},{"uid":"c7b1c0eb0e0d9fa8","status":"passed","time":{"start":1756472986532,"stop":1756472994646,"duration":8114}},{"uid":"53823d706a0ce6c3","status":"passed","time":{"start":1756471722223,"stop":1756471730451,"duration":8228}},{"uid":"c6deee40565fe72c","status":"passed","time":{"start":1756471492506,"stop":1756471499483,"duration":6977}},{"uid":"974c64ab279aa837","status":"passed","time":{"start":1756470612697,"stop":1756470621422,"duration":8725}},{"uid":"e43b6b6247e7009d","status":"passed","time":{"start":1756470266627,"stop":1756470273514,"duration":6887}},{"uid":"f5e5ef8ce6e1b705","status":"passed","time":{"start":1756468810979,"stop":1756468818972,"duration":7993}},{"uid":"5370e154512f5823","status":"passed","time":{"start":1756467560120,"stop":1756467567970,"duration":7850}},{"uid":"2a23422ceb32c8c8","status":"passed","time":{"start":1756467018830,"stop":1756467028100,"duration":9270}},{"uid":"ad54dcdef33287fc","status":"passed","time":{"start":1756466667944,"stop":1756466676088,"duration":8144}},{"uid":"54c2609970db6cd2","status":"passed","time":{"start":1756466319202,"stop":1756466328821,"duration":9619}}]},"f1b2b57aa95c623e103714eb605ef98f":{"statistic":{"failed":0,"broken":0,"skipped":14,"passed":0,"unknown":0,"total":14},"items":[{"uid":"556c312b0787a72f","status":"skipped","statusDetails":"Skipped: Пример теста","time":{"start":1756750634776,"stop":1756750634776,"duration":0}},{"uid":"686e9e14f9071c22","status":"skipped","statusDetails":"Skipped: Пример теста","time":{"start":1756748452485,"stop":1756748452485,"duration":0}},{"uid":"2cefc4e9ccc6923c","status":"skipped","statusDetails":"Skipped: Пример теста","time":{"start":1756714140332,"stop":1756714140332,"duration":0}},{"uid":"e678218d6c60dc4c","status":"skipped","statusDetails":"Skipped: Пример теста","time":{"start":1756627610684,"stop":1756627610684,"duration":0}},{"uid":"142d6f2af62b4bc","status":"skipped","statusDetails":"Skipped: Пример теста","time":{"start":1756582416472,"stop":1756582416472,"duration":0}},{"uid":"65e175625cd1deee","status":"skipped","statusDetails":"Skipped: Пример теста","time":{"start":1756541184822,"stop":1756541184822,"duration":0}},{"uid":"bc8e9356d75c96","status":"skipped","statusDetails":"Skipped: Пример теста","time":{"start":1756473033790,"stop":1756473033790,"duration":0}},{"uid":"b671306097c34ea3","status":"skipped","statusDetails":"Skipped: Пример теста","time":{"start":1756471751233,"stop":1756471751233,"duration":0}},{"uid":"7a70772f2981a7d9","status":"skipped","statusDetails":"Skipped: Пример теста","time":{"start":1756471465726,"stop":1756471465726,"duration":0}},{"uid":"14d1c2e03321d6be","status":"skipped","statusDetails":"Skipped: Пример теста","time":{"start":1756470591959,"stop":1756470591959,"duration":0}},{"uid":"5e94c1c04d0bf10f","status":"skipped","statusDetails":"Skipped: Пример теста","time":{"start":1756470311538,"stop":1756470311538,"duration":0}},{"uid":"e6fdf270e4be63ea","status":"skipped","statusDetails":"Skipped: Пример теста","time":{"start":1756468827995,"stop":1756468827995,"duration":0}},{"uid":"e3217c32e45aac35","status":"skipped","statusDetails":"Skipped: Пример теста","time":{"start":1756467620913,"stop":1756467620913,"duration":0}},{"uid":"9eae13cbe9d1116c","status":"skipped","statusDetails":"Skipped: Пример теста","time":{"start":1756467023250,"stop":1756467023250,"duration":0}}]},"2a4f0014e682199f53a120a61d604efc":{"statistic":{"failed":0,"broken":0,"skipped":0,"passed":2,"unknown":0,"total":2},"items":[{"uid":"beb60203b009c754","status":"passed","time":{"start":1756750731059,"stop":1756750738561,"duration":7502}},{"uid":"8dec89e6bb28af7c","status":"passed","time":{"start":1756748557114,"stop":1756748564937,"duration":7823}}]},"90427591d9800d5537ba93fa6816a48d":{"statistic":{"failed":0,"broken":0,"skipped":0,"passed":2,"unknown":0,"total":2},"items":[{"uid":"a99a35b24bd29355","status":"passed","time":{"start":1756750610253,"stop":1756750625565,"duration":15312}},{"uid":"a30f53a47c26d519","status":"passed","time":{"start":1756748473122,"stop":1756748485195,"duration":12073}}]},"bdda86db0e54c042d3634e834ad22237":{"statistic":{"failed":0,"broken":0,"skipped":0,"passed":14,"unknown":0,"total":14},"items":[{"uid":"d9ebb50686545a","status":"passed","time":{"start":1756714081638,"stop":1756714088300,"duration":6662}},{"uid":"a28c79f7091586e2","status":"passed","time":{"start":1756627629025,"stop":1756627635324,"duration":6299}},{"uid":"aa171a454931fb15","status":"passed","time":{"start":1756582457879,"stop":1756582464083,"duration":6204}},{"uid":"b7ad32085ef991e","status":"passed","time":{"start":1756541191268,"stop":1756541197871,"duration":6603}},{"uid":"e1c64d8eefc00b21","status":"passed","time":{"start":1756473071001,"stop":1756473077532,"duration":6531}},{"uid":"cd1c96058c411d67","status":"passed","time":{"start":1756471816849,"stop":1756471823518,"duration":6669}},{"uid":"74ef33bcaf67aaa0","status":"passed","time":{"start":1756471552788,"stop":1756471559298,"duration":6510}},{"uid":"6ad27bfb58a8575a","status":"passed","time":{"start":1756470675965,"stop":1756470683360,"duration":7395}},{"uid":"7b256487def39c4e","status":"passed","time":{"start":1756470325548,"stop":1756470332478,"duration":6930}},{"uid":"d60796d2fa16673a","status":"passed","time":{"start":1756468865029,"stop":1756468871344,"duration":6315}},{"uid":"3f44499613489a9d","status":"passed","time":{"start":1756467627556,"stop":1756467634358,"duration":6802}},{"uid":"c1f3458546604f99","status":"passed","time":{"start":1756467083004,"stop":1756467089305,"duration":6301}},{"uid":"1ab9e2bdf4cb017c","status":"passed","time":{"start":1756466748824,"stop":1756466758192,"duration":9368}},{"uid":"eccf5dc547d25b5c","status":"passed","time":{"start":1756466418270,"stop":1756466427226,"duration":8956}}]},"fdf3f1847f42fe7870cb5b8234c99d64":{"statistic":{"failed":0,"broken":0,"skipped":0,"passed":2,"unknown":0,"total":2},"items":[{"uid":"bfd15e558e99b791","status":"passed","time":{"start":1756750639209,"stop":1756750643325,"duration":4116}},{"uid":"c67e98d7b6a4784f","status":"passed","time":{"start":1756748526370,"stop":1756748531175,"duration":4805}}]},"b21a0063e76197e2a78621b11987f0ae":{"statistic":{"failed":0,"broken":0,"skipped":0,"passed":2,"unknown":0,"total":2},"items":[{"uid":"ccb0c7cdb162b59b","status":"passed","time":{"start":1756750674509,"stop":1756750678853,"duration":4344}},{"uid":"5acdc5182527b1fd","status":"passed","time":{"start":1756748496058,"stop":1756748500912,"duration":4854}}]},"3c9b71e3cfccffb123b1bb96d40a3d74":{"statistic":{"failed":0,"broken":0,"skipped":0,"passed":2,"unknown":0,"total":2},"items":[{"uid":"e28fc3dd9e8f3e87","status":"passed","time":{"start":1756750679534,"stop":1756750687057,"duration":7523}},{"uid":"ec425f5b284f3fae","status":"passed","time":{"start":1756748568090,"stop":1756748575593,"duration":7503}}]},"1cfa4c0d6f7bcb6a5368dd091a85d14b":{"statistic":{"failed":0,"broken":0,"skipped":0,"passed":2,"unknown":0,"total":2},"items":[{"uid":"f3236dd80a538f","status":"passed","time":{"start":1756750575351,"stop":1756750581039,"duration":5688}},{"uid":"f9bf7ee048728ed7","status":"passed","time":{"start":1756748443413,"stop":1756748448331,"duration":4918}}]},"11fcee30d4ac4e7b45718068f169b96c":{"statistic":{"failed":0,"broken":0,"skipped":2,"passed":0,"unknown":0,"total":2},"items":[{"uid":"3cc4483ca36d4316","status":"skipped","statusDetails":"Skipped: Другая логика","time":{"start":1756750581108,"stop":1756750581108,"duration":0}},{"uid":"238cc01cfc73ad60","status":"skipped","statusDetails":"Skipped: Другая логика","time":{"start":1756748448370,"stop":1756748448370,"duration":0}}]},"e5263dd147bc22bd0c4d2a4392260379":{"statistic":{"failed":0,"broken":0,"skipped":0,"passed":9,"unknown":0,"total":9},"items":[{"uid":"7134684cede6d72e","status":"passed","time":{"start":1756541158112,"stop":1756541191029,"duration":32917}},{"uid":"4a54b8af1d6844b8","status":"passed","time":{"start":1756473036084,"stop":1756473070763,"duration":34679}},{"uid":"d3068da81c9fbd51","status":"passed","time":{"start":1756471781231,"stop":1756471816255,"duration":35024}},{"uid":"fed2cee326454e03","status":"passed","time":{"start":1756471519549,"stop":1756471552542,"duration":32993}},{"uid":"cc8a5d8b49d1586c","status":"passed","time":{"start":1756470639306,"stop":1756470675565,"duration":36259}},{"uid":"f42271dc628dbeaa","status":"passed","time":{"start":1756470291108,"stop":1756470325366,"duration":34258}},{"uid":"4a2823046ea4880d","status":"passed","time":{"start":1756468830410,"stop":1756468864784,"duration":34374}},{"uid":"2aaaa5f98e7ca0e3","status":"passed","time":{"start":1756467593256,"stop":1756467627278,"duration":34022}},{"uid":"203af2c68ce75229","status":"passed","time":{"start":1756467049692,"stop":1756467082677,"duration":32985}}]},"d4f15ff6a0f7aa8e591000884b4cd98a":{"statistic":{"failed":0,"broken":0,"skipped":0,"passed":2,"unknown":0,"total":2},"items":[{"uid":"f7327be6850da53","status":"passed","time":{"start":1756750685643,"stop":1756750693153,"duration":7510}},{"uid":"f457f8a8c6d3e4ce","status":"passed","time":{"start":1756748508117,"stop":1756748516122,"duration":8005}}]},"ebdc9f6b1820601d86aaa656f3317778":{"statistic":{"failed":0,"broken":0,"skipped":0,"passed":12,"unknown":0,"total":12},"items":[{"uid":"a66fb7b97d79298e","status":"passed","time":{"start":1756714191912,"stop":1756714200590,"duration":8678}},{"uid":"d777cfd5a93b375b","status":"passed","time":{"start":1756627653426,"stop":1756627660850,"duration":7424}},{"uid":"19058cbf06d816bf","status":"passed","time":{"start":1756582465885,"stop":1756582474025,"duration":8140}},{"uid":"cd8927cf92209a95","status":"passed","time":{"start":1756541222982,"stop":1756541230621,"duration":7639}},{"uid":"b62a5b86d47255a4","status":"passed","time":{"start":1756473073279,"stop":1756473080804,"duration":7525}},{"uid":"51d206b8efda4478","status":"passed","time":{"start":1756471789528,"stop":1756471797463,"duration":7935}},{"uid":"6f4afcbac9e9e4b6","status":"passed","time":{"start":1756471504421,"stop":1756471511895,"duration":7474}},{"uid":"9dc4b3b45cb5582b","status":"passed","time":{"start":1756470633035,"stop":1756470640957,"duration":7922}},{"uid":"22e5576c20b67105","status":"passed","time":{"start":1756470355715,"stop":1756470364507,"duration":8792}},{"uid":"627a550852bdb693","status":"passed","time":{"start":1756468873476,"stop":1756468881952,"duration":8476}},{"uid":"27f32d48afa80bb","status":"passed","time":{"start":1756467665771,"stop":1756467674442,"duration":8671}},{"uid":"518835aa1a61653b","status":"passed","time":{"start":1756467069480,"stop":1756467078128,"duration":8648}}]},"61e2d367ce8a9fe3c6bccd0114a76d6f":{"statistic":{"failed":0,"broken":0,"skipped":0,"passed":2,"unknown":0,"total":2},"items":[{"uid":"507c8358300ad78e","status":"passed","time":{"start":1756750693348,"stop":1756750704692,"duration":11344}},{"uid":"b646e3ab6f3e8274","status":"passed","time":{"start":1756748516328,"stop":1756748528998,"duration":12670}}]},"53d78d673a2f1fd572f52e3f5c610cb4":{"statistic":{"failed":0,"broken":0,"skipped":0,"passed":2,"unknown":0,"total":2},"items":[{"uid":"3f747cbd7785f287","status":"passed","time":{"start":1756750587518,"stop":1756750593294,"duration":5776}},{"uid":"40a7d9f05db8032c","status":"passed","time":{"start":1756748453438,"stop":1756748458057,"duration":4619}}]},"b2ad04fb7facc92ac34814cff2c0088e":{"statistic":{"failed":0,"broken":0,"skipped":0,"passed":9,"unknown":0,"total":9},"items":[{"uid":"560d1856d31df813","status":"passed","time":{"start":1756541101873,"stop":1756541129644,"duration":27771}},{"uid":"f3557f33a7f465c4","status":"passed","time":{"start":1756472955172,"stop":1756472986098,"duration":30926}},{"uid":"7a9657d44037c371","status":"passed","time":{"start":1756471686882,"stop":1756471721122,"duration":34240}},{"uid":"18b5df23b6f72b","status":"passed","time":{"start":1756471462460,"stop":1756471491939,"duration":29479}},{"uid":"889e58aad051d461","status":"passed","time":{"start":1756470576924,"stop":1756470612219,"duration":35295}},{"uid":"b6bd03787426f9cd","status":"passed","time":{"start":1756470237241,"stop":1756470266176,"duration":28935}},{"uid":"7a0586cc519cc126","status":"passed","time":{"start":1756468777308,"stop":1756468810449,"duration":33141}},{"uid":"53b6472dd09b80b1","status":"passed","time":{"start":1756467526811,"stop":1756467559757,"duration":32946}},{"uid":"f95f0680751c8ef1","status":"passed","time":{"start":1756466984013,"stop":1756467018262,"duration":34249}}]},"ec06b8e2777721bb545e3205c3566253":{"statistic":{"failed":0,"broken":0,"skipped":2,"passed":0,"unknown":0,"total":2},"items":[{"uid":"9cacc5df5711801c","status":"skipped","statusDetails":"Skipped: Другая логика","time":{"start":1756750643342,"stop":1756750643342,"duration":0}},{"uid":"6fde071ccfa43e7f","status":"skipped","statusDetails":"Skipped: Другая логика","time":{"start":1756748531194,"stop":1756748531194,"duration":0}}]},"d233dfd39762468603d66da32746cd61":{"statistic":{"failed":0,"broken":0,"skipped":0,"passed":12,"unknown":0,"total":12},"items":[{"uid":"347949b066bffc8a","status":"passed","time":{"start":1756714082842,"stop":1756714096215,"duration":13373}},{"uid":"71d2a94b8978400e","status":"passed","time":{"start":1756627636048,"stop":1756627650786,"duration":14738}},{"uid":"a844ca6dea4f32e6","status":"passed","time":{"start":1756582462227,"stop":1756582475577,"duration":13350}},{"uid":"1f3e0c8c216fc5d7","status":"passed","time":{"start":1756541184654,"stop":1756541197269,"duration":12615}},{"uid":"b10781ecc673675e","status":"passed","time":{"start":1756473048061,"stop":1756473061648,"duration":13587}},{"uid":"f62fcfc78e20da47","status":"passed","time":{"start":1756471788158,"stop":1756471803676,"duration":15518}},{"uid":"1aae0ea8602a1710","status":"passed","time":{"start":1756471550670,"stop":1756471563360,"duration":12690}},{"uid":"67f8f147255018aa","status":"passed","time":{"start":1756470680094,"stop":1756470694386,"duration":14292}},{"uid":"e76c4d3ea6663bfa","status":"passed","time":{"start":1756470323230,"stop":1756470335858,"duration":12628}},{"uid":"2dfa832b0d1f8263","status":"passed","time":{"start":1756468875069,"stop":1756468888561,"duration":13492}},{"uid":"316fad81e64fa50b","status":"passed","time":{"start":1756467628039,"stop":1756467642323,"duration":14284}},{"uid":"2164f31204348a49","status":"passed","time":{"start":1756467087271,"stop":1756467102836,"duration":15565}}]},"8affbbd2ce340da970fcc1e10bd40175":{"statistic":{"failed":0,"broken":0,"skipped":0,"passed":2,"unknown":0,"total":2},"items":[{"uid":"b208230c0d6cf657","status":"passed","time":{"start":1756750738776,"stop":1756750750766,"duration":11990}},{"uid":"7108c7d8268eaa0a","status":"passed","time":{"start":1756748565157,"stop":1756748577768,"duration":12611}}]},"479e6bb34cda6237d5f346523c12d436":{"statistic":{"failed":0,"broken":0,"skipped":0,"passed":2,"unknown":0,"total":2},"items":[{"uid":"3220ece5a8979614","status":"passed","time":{"start":1756750538197,"stop":1756750545127,"duration":6930}},{"uid":"25dbfe5b72c6b53e","status":"passed","time":{"start":1756748409415,"stop":1756748415756,"duration":6341}}]},"430e3cd77981f7a35d9444e233bd7b2d":{"statistic":{"failed":0,"broken":0,"skipped":0,"passed":12,"unknown":0,"total":12},"items":[{"uid":"f1f708110ab2162e","status":"passed","time":{"start":1756714216160,"stop":1756714258604,"duration":42444}},{"uid":"e7c2514293f20289","status":"passed","time":{"start":1756627673129,"stop":1756627714449,"duration":41320}},{"uid":"76bff7f210fb2c3a","status":"passed","time":{"start":1756582488010,"stop":1756582530080,"duration":42070}},{"uid":"c1fba9fa2f410a0d","status":"passed","time":{"start":1756541242986,"stop":1756541284420,"duration":41434}},{"uid":"67f4f542175630f2","status":"passed","time":{"start":1756473092880,"stop":1756473134407,"duration":41527}},{"uid":"35f1695ff6f5e291","status":"passed","time":{"start":1756471809760,"stop":1756471851277,"duration":41517}},{"uid":"749102e98bbda947","status":"passed","time":{"start":1756471523609,"stop":1756471564809,"duration":41200}},{"uid":"1f09d1c0d3d47536","status":"passed","time":{"start":1756470653899,"stop":1756470694946,"duration":41047}},{"uid":"a86ae9f61707e8da","status":"passed","time":{"start":1756470377115,"stop":1756470418625,"duration":41510}},{"uid":"72df2954f024212d","status":"passed","time":{"start":1756468896544,"stop":1756468939009,"duration":42465}},{"uid":"2436a8f244becc25","status":"passed","time":{"start":1756467688880,"stop":1756467731248,"duration":42368}},{"uid":"82b5ef42d4f8f0da","status":"passed","time":{"start":1756467093019,"stop":1756467135514,"duration":42495}}]},"4f5ce25d089dff143ab9705d683451d5":{"statistic":{"failed":0,"broken":0,"skipped":0,"passed":2,"unknown":0,"total":2},"items":[{"uid":"47efc35f7ac3b984","status":"passed","time":{"start":1756750669934,"stop":1756750674303,"duration":4369}},{"uid":"8604b5b88c0103e3","status":"passed","time":{"start":1756748490612,"stop":1756748495859,"duration":5247}}]},"d0e3766d89bd16787ea11be6f672f735":{"statistic":{"failed":0,"broken":0,"skipped":0,"passed":2,"unknown":0,"total":2},"items":[{"uid":"1d0c80725eb93896","status":"passed","time":{"start":1756750662282,"stop":1756750673529,"duration":11247}},{"uid":"406b2a818214c3ab","status":"passed","time":{"start":1756748550015,"stop":1756748561585,"duration":11570}}]},"b5bbd126810a2f3c4f926d9c78e6b2f2":{"statistic":{"failed":0,"broken":0,"skipped":0,"passed":2,"unknown":0,"total":2},"items":[{"uid":"bbe74a78fcbe7004","status":"passed","time":{"start":1756750656470,"stop":1756750665408,"duration":8938}},{"uid":"1850cbb91c9fff83","status":"passed","time":{"start":1756748513413,"stop":1756748521114,"duration":7701}}]},"c66b8ea3c354be710c5c46c833508ce7":{"statistic":{"failed":0,"broken":0,"skipped":0,"passed":12,"unknown":0,"total":12},"items":[{"uid":"e110c2873e369844","status":"passed","time":{"start":1756714074155,"stop":1756714082535,"duration":8380}},{"uid":"27b5695fa32604c9","status":"passed","time":{"start":1756627626663,"stop":1756627635813,"duration":9150}},{"uid":"49d3487411d54d44","status":"passed","time":{"start":1756582453803,"stop":1756582461999,"duration":8196}},{"uid":"25cb26f0981f72c4","status":"passed","time":{"start":1756541176542,"stop":1756541184277,"duration":7735}},{"uid":"7f00f5a77e49e0e6","status":"passed","time":{"start":1756473038610,"stop":1756473047584,"duration":8974}},{"uid":"7af82cbeca063261","status":"passed","time":{"start":1756471778050,"stop":1756471787674,"duration":9624}},{"uid":"f419e43a93bdf671","status":"passed","time":{"start":1756471542482,"stop":1756471550324,"duration":7842}},{"uid":"f0d055e9e9c24074","status":"passed","time":{"start":1756470670258,"stop":1756470679661,"duration":9403}},{"uid":"8367b4595d5c3e9d","status":"passed","time":{"start":1756470314846,"stop":1756470322883,"duration":8037}},{"uid":"c592398f91f6a072","status":"passed","time":{"start":1756468866132,"stop":1756468874690,"duration":8558}},{"uid":"13b1905feea31e83","status":"passed","time":{"start":1756467618435,"stop":1756467627773,"duration":9338}},{"uid":"9a9d4c1739eb15a","status":"passed","time":{"start":1756467077316,"stop":1756467086865,"duration":9549}}]},"e835fb9011b375b6847857cd83b3b197":{"statistic":{"failed":0,"broken":0,"skipped":0,"passed":12,"unknown":0,"total":12},"items":[{"uid":"53fd5898de8b1983","status":"passed","time":{"start":1756714061424,"stop":1756714073794,"duration":12370}},{"uid":"503cf304658fbb99","status":"passed","time":{"start":1756627613122,"stop":1756627626356,"duration":13234}},{"uid":"3ff749eebe2841fd","status":"passed","time":{"start":1756582440951,"stop":1756582453560,"duration":12609}},{"uid":"9132083f9e16c6f6","status":"passed","time":{"start":1756541164751,"stop":1756541176261,"duration":11510}},{"uid":"573a0e056d1a5b9d","status":"passed","time":{"start":1756473025740,"stop":1756473038163,"duration":12423}},{"uid":"13721a037c8d18f1","status":"passed","time":{"start":1756471764293,"stop":1756471777568,"duration":13275}},{"uid":"8f779b24dc10b345","status":"passed","time":{"start":1756471530107,"stop":1756471542127,"duration":12020}},{"uid":"b05224f06b563aed","status":"passed","time":{"start":1756470656355,"stop":1756470669952,"duration":13597}},{"uid":"e13e33b2acb99b8","status":"passed","time":{"start":1756470301530,"stop":1756470314301,"duration":12771}},{"uid":"3c388599d9655c07","status":"passed","time":{"start":1756468852830,"stop":1756468865658,"duration":12828}},{"uid":"a0af176e003cecf","status":"passed","time":{"start":1756467603666,"stop":1756467618088,"duration":14422}},{"uid":"946f20fc27d92ef9","status":"passed","time":{"start":1756467062139,"stop":1756467076944,"duration":14805}}]},"15ead240c34068c39e319b97ec520d5a":{"statistic":{"failed":0,"broken":0,"skipped":0,"passed":2,"unknown":0,"total":2},"items":[{"uid":"b482d236b2f904dd","status":"passed","time":{"start":1756750673603,"stop":1756750679453,"duration":5850}},{"uid":"5e25f7689b4084fb","status":"passed","time":{"start":1756748561663,"stop":1756748568008,"duration":6345}}]},"6202076fdec220d0a23ede5cca4d5dce":{"statistic":{"failed":0,"broken":0,"skipped":0,"passed":12,"unknown":0,"total":12},"items":[{"uid":"d43eb5355beb3495","status":"passed","time":{"start":1756714125068,"stop":1756714132407,"duration":7339}},{"uid":"78dadab5c1f355fe","status":"passed","time":{"start":1756627670983,"stop":1756627677861,"duration":6878}},{"uid":"9fe3d8872662ac62","status":"passed","time":{"start":1756582500084,"stop":1756582507584,"duration":7500}},{"uid":"bafeb1bd1be561cd","status":"passed","time":{"start":1756541235067,"stop":1756541242521,"duration":7454}},{"uid":"3f305dbdfd81b46d","status":"passed","time":{"start":1756473114171,"stop":1756473121614,"duration":7443}},{"uid":"7ac2506050b22da1","status":"passed","time":{"start":1756471861120,"stop":1756471868916,"duration":7796}},{"uid":"5c0d6e447c470e05","status":"passed","time":{"start":1756471597477,"stop":1756471606950,"duration":9473}},{"uid":"b786d55b3a0a9ef0","status":"passed","time":{"start":1756470724553,"stop":1756470732704,"duration":8151}},{"uid":"bbeefdd27ded68b8","status":"passed","time":{"start":1756470369881,"stop":1756470377524,"duration":7643}},{"uid":"b4340e9fe155d196","status":"passed","time":{"start":1756468906872,"stop":1756468914261,"duration":7389}},{"uid":"5516387e1010adee","status":"passed","time":{"start":1756467673843,"stop":1756467681737,"duration":7894}},{"uid":"a68a3303485efbab","status":"passed","time":{"start":1756467126666,"stop":1756467134088,"duration":7422}}]},"ae2788331fd6316e1c718d0040cf658a":{"statistic":{"failed":0,"broken":0,"skipped":0,"passed":2,"unknown":0,"total":2},"items":[{"uid":"514b1175c073cc53","status":"passed","time":{"start":1756750636374,"stop":1756750642063,"duration":5689}},{"uid":"8fcc5fe7f5a8aef","status":"passed","time":{"start":1756748453885,"stop":1756748459817,"duration":5932}}]},"832dfbb2c20ecbfcf060aecb68b55bf2":{"statistic":{"failed":0,"broken":0,"skipped":0,"passed":12,"unknown":0,"total":12},"items":[{"uid":"961495e0d5b35666","status":"passed","time":{"start":1756714046067,"stop":1756714061023,"duration":14956}},{"uid":"593a13af02d5d969","status":"passed","time":{"start":1756627598694,"stop":1756627612805,"duration":14111}},{"uid":"9ff882e66e4dd99f","status":"passed","time":{"start":1756582426712,"stop":1756582440650,"duration":13938}},{"uid":"f32bb851c1562b9c","status":"passed","time":{"start":1756541151724,"stop":1756541164495,"duration":12771}},{"uid":"9179c90be6d2f8f2","status":"passed","time":{"start":1756473012135,"stop":1756473025196,"duration":13061}},{"uid":"f009bfac1a103205","status":"passed","time":{"start":1756471748681,"stop":1756471763644,"duration":14963}},{"uid":"f041b8f34f0711b5","status":"passed","time":{"start":1756471516285,"stop":1756471529585,"duration":13300}},{"uid":"ae8ace6b065c497a","status":"passed","time":{"start":1756470641364,"stop":1756470655978,"duration":14614}},{"uid":"586d8cc781685c1","status":"passed","time":{"start":1756470289219,"stop":1756470301227,"duration":12008}},{"uid":"473b7fa1d5fcf1a9","status":"passed","time":{"start":1756468837205,"stop":1756468852376,"duration":15171}},{"uid":"7830aea7acac9311","status":"passed","time":{"start":1756467586383,"stop":1756467603180,"duration":16797}},{"uid":"54148730276bf5b8","status":"passed","time":{"start":1756467046933,"stop":1756467061725,"duration":14792}}]},"4371f2f3af21df75d15556180f75feb7":{"statistic":{"failed":0,"broken":0,"skipped":0,"passed":12,"unknown":0,"total":12},"items":[{"uid":"c54c9811cedd1a8b","status":"passed","time":{"start":1756714029443,"stop":1756714036984,"duration":7541}},{"uid":"f7c44cc07615f0ab","status":"passed","time":{"start":1756627581345,"stop":1756627589223,"duration":7878}},{"uid":"e5972a841e7821a8","status":"passed","time":{"start":1756582410035,"stop":1756582417313,"duration":7278}},{"uid":"be3f1b2fb3ffbf1b","status":"passed","time":{"start":1756541136939,"stop":1756541143369,"duration":6430}},{"uid":"972da3b88a85d794","status":"passed","time":{"start":1756472995034,"stop":1756473002816,"duration":7782}},{"uid":"c633aebc5babfc0e","status":"passed","time":{"start":1756471730816,"stop":1756471738707,"duration":7891}},{"uid":"f6ee52ad0488bbe9","status":"passed","time":{"start":1756471499920,"stop":1756471506914,"duration":6994}},{"uid":"5a2e9589b67b2a22","status":"passed","time":{"start":1756470621861,"stop":1756470630955,"duration":9094}},{"uid":"9dd64483c62a181f","status":"passed","time":{"start":1756470273828,"stop":1756470280373,"duration":6545}},{"uid":"3ad6e50a69d17800","status":"passed","time":{"start":1756468819382,"stop":1756468827188,"duration":7806}},{"uid":"f845c47af8e9bea3","status":"passed","time":{"start":1756467568131,"stop":1756467576216,"duration":8085}},{"uid":"c581165ee7e89183","status":"passed","time":{"start":1756467028500,"stop":1756467037173,"duration":8673}}]},"02dab720ca452495c85d82fdb1368da2":{"statistic":{"failed":0,"broken":0,"skipped":0,"passed":9,"unknown":0,"total":9},"items":[{"uid":"486a31ced51d235c","status":"passed","time":{"start":1756541186408,"stop":1756541209685,"duration":23277}},{"uid":"459422d5be3d3132","status":"passed","time":{"start":1756473035454,"stop":1756473059175,"duration":23721}},{"uid":"505c145409f021e3","status":"passed","time":{"start":1756471753052,"stop":1756471776111,"duration":23059}},{"uid":"7982bab809e2ac1b","status":"passed","time":{"start":1756471467243,"stop":1756471490556,"duration":23313}},{"uid":"a9aacf54af6c64ff","status":"passed","time":{"start":1756470593749,"stop":1756470619148,"duration":25399}},{"uid":"d641fa9980728ca5","status":"passed","time":{"start":1756470313146,"stop":1756470340178,"duration":27032}},{"uid":"d0f2a852c3244f9d","status":"passed","time":{"start":1756468829515,"stop":1756468858195,"duration":28680}},{"uid":"3af2ff986bfd696f","status":"passed","time":{"start":1756467622514,"stop":1756467650406,"duration":27892}},{"uid":"bfa3ab1377889811","status":"passed","time":{"start":1756467024747,"stop":1756467053700,"duration":28953}}]},"3b258e6732be6b6a8ce41c0ae2f12551":{"statistic":{"failed":0,"broken":0,"skipped":0,"passed":2,"unknown":0,"total":2},"items":[{"uid":"ca109d05e6035826","status":"passed","time":{"start":1756750687122,"stop":1756750697445,"duration":10323}},{"uid":"c692c92ab80fd313","status":"passed","time":{"start":1756748575658,"stop":1756748587061,"duration":11403}}]},"3394ce6d868e302b52a3c89b70f9c8d6":{"statistic":{"failed":0,"broken":0,"skipped":14,"passed":0,"unknown":0,"total":14},"items":[{"uid":"753187419fe1f554","status":"skipped","statusDetails":"Skipped: Пример теста","time":{"start":1756750596049,"stop":1756750596049,"duration":0}},{"uid":"4bb07c66a401aba7","status":"skipped","statusDetails":"Skipped: Пример теста","time":{"start":1756748481225,"stop":1756748481225,"duration":0}},{"uid":"7de8fe273a1a128","status":"skipped","statusDetails":"Skipped: Пример теста","time":{"start":1756714042726,"stop":1756714042726,"duration":0}},{"uid":"1099d2de94ba09d","status":"skipped","statusDetails":"Skipped: Пример теста","time":{"start":1756627592422,"stop":1756627592422,"duration":0}},{"uid":"ae6e2b3a838f1ca4","status":"skipped","statusDetails":"Skipped: Пример теста","time":{"start":1756582418668,"stop":1756582418668,"duration":0}},{"uid":"ea1b5807b60f6879","status":"skipped","statusDetails":"Skipped: Пример теста","time":{"start":1756541157243,"stop":1756541157243,"duration":0}},{"uid":"16468a71bde476be","status":"skipped","statusDetails":"Skipped: Пример теста","time":{"start":1756473035168,"stop":1756473035168,"duration":0}},{"uid":"87f6a5c4e994596f","status":"skipped","statusDetails":"Skipped: Пример теста","time":{"start":1756471780256,"stop":1756471780256,"duration":0}},{"uid":"eb79662dcfe79b74","status":"skipped","statusDetails":"Skipped: Пример теста","time":{"start":1756471518657,"stop":1756471518657,"duration":0}},{"uid":"25927905951f764b","status":"skipped","statusDetails":"Skipped: Пример теста","time":{"start":1756470638383,"stop":1756470638383,"duration":0}},{"uid":"c9b7b9906b4f5031","status":"skipped","statusDetails":"Skipped: Пример теста","time":{"start":1756470290134,"stop":1756470290134,"duration":0}},{"uid":"8e0fa7ac8e969e72","status":"skipped","statusDetails":"Skipped: Пример теста","time":{"start":1756468829502,"stop":1756468829502,"duration":0}},{"uid":"4d22c7a032a0de","status":"skipped","statusDetails":"Skipped: Пример теста","time":{"start":1756467592365,"stop":1756467592365,"duration":0}},{"uid":"8c9dd8587a3374ed","status":"skipped","statusDetails":"Skipped: Пример теста","time":{"start":1756467048742,"stop":1756467048742,"duration":0}}]},"2a7c0e241cd8f53c6147d5b9be10cf7f":{"statistic":{"failed":0,"broken":0,"skipped":0,"passed":2,"unknown":0,"total":2},"items":[{"uid":"edf00aa079f8b45b","status":"passed","time":{"start":1756750601305,"stop":1756750610075,"duration":8770}},{"uid":"10c31da01cb9a7d","status":"passed","time":{"start":1756748465161,"stop":1756748472983,"duration":7822}}]},"e9dada62913d119e78166673c2ab8d00":{"statistic":{"failed":0,"broken":0,"skipped":0,"passed":2,"unknown":0,"total":2},"items":[{"uid":"e75f759d241da90b","status":"passed","time":{"start":1756750647893,"stop":1756750654070,"duration":6177}},{"uid":"1c0c34005b7fa6aa","status":"passed","time":{"start":1756748535698,"stop":1756748542222,"duration":6524}}]},"c2ee49a7b74e2f2184be517232717bc9":{"statistic":{"failed":0,"broken":0,"skipped":0,"passed":3,"unknown":0,"total":3},"items":[{"uid":"1a60542fd5dddef","status":"passed","time":{"start":1756714142046,"stop":1756714170550,"duration":28504}},{"uid":"63bacd9cd9b39d43","status":"passed","time":{"start":1756627612452,"stop":1756627635271,"duration":22819}},{"uid":"7ac73ff1926d35a4","status":"passed","time":{"start":1756582417943,"stop":1756582445492,"duration":27549}}]},"d45650a12f4340659f4b81c6783165d4":{"statistic":{"failed":0,"broken":0,"skipped":0,"passed":2,"unknown":0,"total":2},"items":[{"uid":"5a3df07051113965","status":"passed","time":{"start":1756750634935,"stop":1756750639131,"duration":4196}},{"uid":"a2e9b1ff742f9da5","status":"passed","time":{"start":1756748521455,"stop":1756748526280,"duration":4825}}]},"a15fe476c860ed537e44fcc35a7b2fc3":{"statistic":{"failed":0,"broken":0,"skipped":0,"passed":2,"unknown":0,"total":2},"items":[{"uid":"1b465066ffeb7b71","status":"passed","time":{"start":1756750654150,"stop":1756750662214,"duration":8064}},{"uid":"42a14cd875c59b85","status":"passed","time":{"start":1756748542304,"stop":1756748549947,"duration":7643}}]},"cb6b3a3d76733c2433e7ed155bdbaa1b":{"statistic":{"failed":0,"broken":0,"skipped":0,"passed":2,"unknown":0,"total":2},"items":[{"uid":"2d55b0dbd0f3dcd","status":"passed","time":{"start":1756750643400,"stop":1756750647824,"duration":4424}},{"uid":"49dbc29c3e99a741","status":"passed","time":{"start":1756748531253,"stop":1756748535625,"duration":4372}}]},"ce50da0e548cd168dd70f5cfd5c8d61b":{"statistic":{"failed":0,"broken":0,"skipped":0,"passed":2,"unknown":0,"total":2},"items":[{"uid":"1298a36c822ec390","status":"passed","time":{"start":1756750679056,"stop":1756750685439,"duration":6383}},{"uid":"f4948333917b3ec7","status":"passed","time":{"start":1756748501109,"stop":1756748507882,"duration":6773}}]},"fb04e8af0af075a189ebfac64bb89a35":{"statistic":{"failed":0,"broken":0,"skipped":0,"passed":12,"unknown":0,"total":12},"items":[{"uid":"f4d28f312f027512","status":"passed","time":{"start":1756714037256,"stop":1756714045851,"duration":8595}},{"uid":"eef9ffafd91d9b92","status":"passed","time":{"start":1756627589423,"stop":1756627598484,"duration":9061}},{"uid":"89e405aa599dd448","status":"passed","time":{"start":1756582417499,"stop":1756582426341,"duration":8842}},{"uid":"4241044e387f51c5","status":"passed","time":{"start":1756541143665,"stop":1756541151456,"duration":7791}},{"uid":"16471d7865ca6d79","status":"passed","time":{"start":1756473003157,"stop":1756473011863,"duration":8706}},{"uid":"ac18335157210a8b","status":"passed","time":{"start":1756471739176,"stop":1756471748282,"duration":9106}},{"uid":"fcd57e26fbbc19f8","status":"passed","time":{"start":1756471507327,"stop":1756471515895,"duration":8568}},{"uid":"1ff88e7b200fa6d5","status":"passed","time":{"start":1756470631259,"stop":1756470640958,"duration":9699}},{"uid":"4253ba9f6fa06ee1","status":"passed","time":{"start":1756470280809,"stop":1756470288831,"duration":8022}},{"uid":"bfc557125d39eb49","status":"passed","time":{"start":1756468827574,"stop":1756468836753,"duration":9179}},{"uid":"fb26112d8d48f248","status":"passed","time":{"start":1756467576396,"stop":1756467586040,"duration":9644}},{"uid":"fa723516f5a8ef57","status":"passed","time":{"start":1756467037458,"stop":1756467046737,"duration":9279}}]},"e65498c14d9fe9090a23752cfedea38b":{"statistic":{"failed":0,"broken":0,"skipped":0,"passed":3,"unknown":0,"total":3},"items":[{"uid":"78c36c86f434dd4c","status":"passed","time":{"start":1756714170769,"stop":1756714176235,"duration":5466}},{"uid":"60ad402109f2138d","status":"passed","time":{"start":1756627635476,"stop":1756627640147,"duration":4671}},{"uid":"95314514d93eaadc","status":"passed","time":{"start":1756582445692,"stop":1756582450955,"duration":5263}}]},"1c8ac00da4601ba55cf6dac70484a578":{"statistic":{"failed":0,"broken":0,"skipped":2,"passed":0,"unknown":0,"total":2},"items":[{"uid":"19e96679552c740c","status":"skipped","statusDetails":"Skipped: Другая логика","time":{"start":1756750639144,"stop":1756750639144,"duration":0}},{"uid":"39df4e85edc9ae48","status":"skipped","statusDetails":"Skipped: Другая логика","time":{"start":1756748526301,"stop":1756748526301,"duration":0}}]},"7fb72752259c0df2c81bc9724f6064f9":{"statistic":{"failed":0,"broken":0,"skipped":0,"passed":2,"unknown":0,"total":2},"items":[{"uid":"6c6e7080bb771ec4","status":"passed","time":{"start":1756750605027,"stop":1756750634704,"duration":29677}},{"uid":"af7153a2d26af744","status":"passed","time":{"start":1756748490250,"stop":1756748521208,"duration":30958}}]},"cc2281b2ea2f44d4a8297f7b6ba1f2ac":{"statistic":{"failed":0,"broken":0,"skipped":2,"passed":0,"unknown":0,"total":2},"items":[{"uid":"7e5db2b85435c250","status":"skipped","statusDetails":"Skipped: Другая логика","time":{"start":1756750669745,"stop":1756750669745,"duration":0}},{"uid":"122c956245a6bc06","status":"skipped","statusDetails":"Skipped: Другая логика","time":{"start":1756748490411,"stop":1756748490411,"duration":0}}]},"7c73a07cc525dc6ac4fde43f6e2ffecc":{"statistic":{"failed":0,"broken":0,"skipped":0,"passed":2,"unknown":0,"total":2},"items":[{"uid":"bc6686329056b279","status":"passed","time":{"start":1756750633645,"stop":1756750642676,"duration":9031}},{"uid":"4d5654877a551273","status":"passed","time":{"start":1756748492328,"stop":1756748500674,"duration":8346}}]},"680a209e9f599cb6746ff647ae867624":{"statistic":{"failed":0,"broken":0,"skipped":0,"passed":12,"unknown":0,"total":12},"items":[{"uid":"c00e5d067822270e","status":"passed","time":{"start":1756714184138,"stop":1756714191676,"duration":7538}},{"uid":"a88f71198463b2f2","status":"passed","time":{"start":1756627646881,"stop":1756627653222,"duration":6341}},{"uid":"14af4ffe8cc4e7bb","status":"passed","time":{"start":1756582458506,"stop":1756582465699,"duration":7193}},{"uid":"4b923708b408783c","status":"passed","time":{"start":1756541216397,"stop":1756541222781,"duration":6384}},{"uid":"52048835d714a7bf","status":"passed","time":{"start":1756473066728,"stop":1756473073076,"duration":6348}},{"uid":"806e9454600702ae","status":"passed","time":{"start":1756471782813,"stop":1756471789322,"duration":6509}},{"uid":"714598674dcd7e82","status":"passed","time":{"start":1756471497359,"stop":1756471504215,"duration":6856}},{"uid":"2d846f448c1eb681","status":"passed","time":{"start":1756470626136,"stop":1756470632832,"duration":6696}},{"uid":"64d73cb269e707e7","status":"passed","time":{"start":1756470348981,"stop":1756470355498,"duration":6517}},{"uid":"5b51d170cfdfb813","status":"passed","time":{"start":1756468865967,"stop":1756468873268,"duration":7301}},{"uid":"6312190509e1c5fb","status":"passed","time":{"start":1756467658156,"stop":1756467665559,"duration":7403}},{"uid":"bc632af148c43fad","status":"passed","time":{"start":1756467061348,"stop":1756467069281,"duration":7933}}]},"41e5947a8622ab8af491f2e3c723d6aa":{"statistic":{"failed":0,"broken":0,"skipped":0,"passed":12,"unknown":0,"total":12},"items":[{"uid":"997d1ee29e702f93","status":"passed","time":{"start":1756714258836,"stop":1756714267396,"duration":8560}},{"uid":"8cf02d2e8077638a","status":"passed","time":{"start":1756627714655,"stop":1756627722146,"duration":7491}},{"uid":"3a7bbbe2b54b16d1","status":"passed","time":{"start":1756582530277,"stop":1756582538472,"duration":8195}},{"uid":"1514cf868b18d89","status":"passed","time":{"start":1756541284635,"stop":1756541292177,"duration":7542}},{"uid":"fd0700c716d43836","status":"passed","time":{"start":1756473134627,"stop":1756473142180,"duration":7553}},{"uid":"951fe5a28376e0b8","status":"passed","time":{"start":1756471851496,"stop":1756471859093,"duration":7597}},{"uid":"4e013f540da89da5","status":"passed","time":{"start":1756471565024,"stop":1756471572495,"duration":7471}},{"uid":"1be77b656a243741","status":"passed","time":{"start":1756470695148,"stop":1756470702623,"duration":7475}},{"uid":"d31cb85be580f6b0","status":"passed","time":{"start":1756470418844,"stop":1756470426468,"duration":7624}},{"uid":"9c7b0f7762632d6e","status":"passed","time":{"start":1756468939231,"stop":1756468947856,"duration":8625}},{"uid":"e0c7836da0da9329","status":"passed","time":{"start":1756467731469,"stop":1756467740104,"duration":8635}},{"uid":"9d19e73c3bce6364","status":"passed","time":{"start":1756467135719,"stop":1756467144252,"duration":8533}}]},"3c563350d6e23dc6b736041f59279e14":{"statistic":{"failed":0,"broken":0,"skipped":0,"passed":2,"unknown":0,"total":2},"items":[{"uid":"6b6edf1bef04dcf1","status":"passed","time":{"start":1756750642285,"stop":1756750665229,"duration":22944}},{"uid":"948ffc4ffa2cff80","status":"passed","time":{"start":1756748460029,"stop":1756748485452,"duration":25423}}]},"e0b123a7591139358d9e219514ceafa8":{"statistic":{"failed":0,"broken":0,"skipped":0,"passed":12,"unknown":0,"total":12},"items":[{"uid":"86eb73a954ce662a","status":"passed","time":{"start":1756714132474,"stop":1756714144200,"duration":11726}},{"uid":"9989151975d145f6","status":"passed","time":{"start":1756627677933,"stop":1756627688218,"duration":10285}},{"uid":"79a535e47c86b022","status":"passed","time":{"start":1756582507665,"stop":1756582518839,"duration":11174}},{"uid":"9df2ae0cfb42d57","status":"passed","time":{"start":1756541242590,"stop":1756541253479,"duration":10889}},{"uid":"c8da366af649910c","status":"passed","time":{"start":1756473121683,"stop":1756473133341,"duration":11658}},{"uid":"b76a0decd8ddbd3f","status":"passed","time":{"start":1756471868988,"stop":1756471880447,"duration":11459}},{"uid":"c9b4b659e9e8d0c4","status":"passed","time":{"start":1756471607021,"stop":1756471618379,"duration":11358}},{"uid":"c81f90e35ae18062","status":"passed","time":{"start":1756470732778,"stop":1756470744608,"duration":11830}},{"uid":"1136ecc18201dd8b","status":"passed","time":{"start":1756470377600,"stop":1756470389309,"duration":11709}},{"uid":"6e6c6395112dfe95","status":"passed","time":{"start":1756468914330,"stop":1756468925069,"duration":10739}},{"uid":"ff91bb25060ae5e1","status":"passed","time":{"start":1756467681803,"stop":1756467694914,"duration":13111}},{"uid":"44769e3aff73498b","status":"passed","time":{"start":1756467134155,"stop":1756467145415,"duration":11260}}]},"e390050e83ea94c53cdf1c51b4865fc5":{"statistic":{"failed":0,"broken":0,"skipped":0,"passed":12,"unknown":0,"total":12},"items":[{"uid":"94585cb174263652","status":"passed","time":{"start":1756714290579,"stop":1756714305739,"duration":15160}},{"uid":"8e876a5aaba40730","status":"passed","time":{"start":1756627741560,"stop":1756627753966,"duration":12406}},{"uid":"1be486af4b0a8e7a","status":"passed","time":{"start":1756582560541,"stop":1756582574892,"duration":14351}},{"uid":"3e6e5f9876614af4","status":"passed","time":{"start":1756541311447,"stop":1756541323355,"duration":11908}},{"uid":"c0306127c4d5cce5","status":"passed","time":{"start":1756473162939,"stop":1756473174807,"duration":11868}},{"uid":"e49459b977b781be","status":"passed","time":{"start":1756471878626,"stop":1756471890836,"duration":12210}},{"uid":"22a216172193a4ea","status":"passed","time":{"start":1756471592367,"stop":1756471604111,"duration":11744}},{"uid":"2031145845be6cf4","status":"passed","time":{"start":1756470725390,"stop":1756470738972,"duration":13582}},{"uid":"482190dcba623f91","status":"passed","time":{"start":1756470446906,"stop":1756470459278,"duration":12372}},{"uid":"7c67f1f3e864b023","status":"passed","time":{"start":1756468970820,"stop":1756468986002,"duration":15182}},{"uid":"4bd00121612421f","status":"passed","time":{"start":1756467763508,"stop":1756467778315,"duration":14807}},{"uid":"ac56caa27da1c479","status":"passed","time":{"start":1756467167483,"stop":1756467182455,"duration":14972}}]},"37ef7cf72f33caf53f03f386942828ef":{"statistic":{"failed":0,"broken":0,"skipped":0,"passed":2,"unknown":0,"total":2},"items":[{"uid":"f7ca652812d603","status":"passed","time":{"start":1756750642811,"stop":1756750656229,"duration":13418}},{"uid":"42da6618ba342cbf","status":"passed","time":{"start":1756748500847,"stop":1756748513206,"duration":12359}}]},"c55894fe1d43a0b545832583489105cb":{"statistic":{"failed":0,"broken":0,"skipped":14,"passed":0,"unknown":0,"total":14},"items":[{"uid":"3eccb95ca016b06e","status":"skipped","statusDetails":"Skipped: Пример теста","time":{"start":1756750536067,"stop":1756750536067,"duration":0}},{"uid":"adcec1569b20e918","status":"skipped","statusDetails":"Skipped: Пример теста","time":{"start":1756748407355,"stop":1756748407355,"duration":0}},{"uid":"1e9e01b56c558f7a","status":"skipped","statusDetails":"Skipped: Пример теста","time":{"start":1756713981600,"stop":1756713981600,"duration":0}},{"uid":"6154bb31cb75564e","status":"skipped","statusDetails":"Skipped: Пример теста","time":{"start":1756627535018,"stop":1756627535018,"duration":0}},{"uid":"d939d73db04f0da7","status":"skipped","statusDetails":"Skipped: Пример теста","time":{"start":1756582363411,"stop":1756582363411,"duration":0}},{"uid":"eee94b144f06db0","status":"skipped","statusDetails":"Skipped: Пример теста","time":{"start":1756541098513,"stop":1756541098513,"duration":0}},{"uid":"a0aa61e863ca59f","status":"skipped","statusDetails":"Skipped: Пример теста","time":{"start":1756472951300,"stop":1756472951300,"duration":0}},{"uid":"c64250ded950e0ff","status":"skipped","statusDetails":"Skipped: Пример теста","time":{"start":1756471682339,"stop":1756471682339,"duration":0}},{"uid":"aa455f4f318b9a7","status":"skipped","statusDetails":"Skipped: Пример теста","time":{"start":1756471458449,"stop":1756471458449,"duration":0}},{"uid":"3800501411899013","status":"skipped","statusDetails":"Skipped: Пример теста","time":{"start":1756470573335,"stop":1756470573335,"duration":0}},{"uid":"46d68a9ae0be0ce6","status":"skipped","statusDetails":"Skipped: Пример теста","time":{"start":1756470234352,"stop":1756470234352,"duration":0}},{"uid":"44168bbed2f91f08","status":"skipped","statusDetails":"Skipped: Пример теста","time":{"start":1756468771160,"stop":1756468771160,"duration":0}},{"uid":"d2723f1e3d6d1c8","status":"skipped","statusDetails":"Skipped: Пример теста","time":{"start":1756467522873,"stop":1756467522873,"duration":0}},{"uid":"25e5091f9704cec7","status":"skipped","statusDetails":"Skipped: Пример теста","time":{"start":1756466981632,"stop":1756466981632,"duration":0}}]},"2ca1515345bbbb9e5e6bb4d28d7d5e51":{"statistic":{"failed":0,"broken":0,"skipped":0,"passed":12,"unknown":0,"total":12},"items":[{"uid":"eb5552bc352bf607","status":"passed","time":{"start":1756714281912,"stop":1756714290343,"duration":8431}},{"uid":"c86271b965d1382c","status":"passed","time":{"start":1756627733925,"stop":1756627741320,"duration":7395}},{"uid":"7af4ab6b3aafdc90","status":"passed","time":{"start":1756582552186,"stop":1756582560318,"duration":8132}},{"uid":"43423e7fcf05ea0c","status":"passed","time":{"start":1756541303776,"stop":1756541311232,"duration":7456}},{"uid":"aee14df6b09f7e6","status":"passed","time":{"start":1756473155220,"stop":1756473162729,"duration":7509}},{"uid":"1fd1ff658926a348","status":"passed","time":{"start":1756471870954,"stop":1756471878365,"duration":7411}},{"uid":"18d84aa2f093be54","status":"passed","time":{"start":1756471584781,"stop":1756471592148,"duration":7367}},{"uid":"8d28f15014356962","status":"passed","time":{"start":1756470717710,"stop":1756470725176,"duration":7466}},{"uid":"af940c6b14b8047e","status":"passed","time":{"start":1756470439044,"stop":1756470446684,"duration":7640}},{"uid":"b3c3fcde10da8e1f","status":"passed","time":{"start":1756468962213,"stop":1756468970594,"duration":8381}},{"uid":"86fabfe99a87d703","status":"passed","time":{"start":1756467754724,"stop":1756467763281,"duration":8557}},{"uid":"a861e0a6a4395fd","status":"passed","time":{"start":1756467158824,"stop":1756467167267,"duration":8443}}]},"c130b9c2a51544ba578e8d6bd661fad8":{"statistic":{"failed":0,"broken":0,"skipped":0,"passed":14,"unknown":0,"total":14},"items":[{"uid":"9de7199fe29c0e75","status":"passed","time":{"start":1756714176453,"stop":1756714183899,"duration":7446}},{"uid":"d744af54517d5627","status":"passed","time":{"start":1756627640340,"stop":1756627646661,"duration":6321}},{"uid":"d4f378cbd072e240","status":"passed","time":{"start":1756582451144,"stop":1756582458311,"duration":7167}},{"uid":"369a9210474b06fb","status":"passed","time":{"start":1756541209890,"stop":1756541216191,"duration":6301}},{"uid":"5f83bc31d174950f","status":"passed","time":{"start":1756473059379,"stop":1756473066526,"duration":7147}},{"uid":"71f7b9802205bd72","status":"passed","time":{"start":1756471776317,"stop":1756471782594,"duration":6277}},{"uid":"695927c05e008aa0","status":"passed","time":{"start":1756471490752,"stop":1756471497156,"duration":6404}},{"uid":"95b919ab6b4ebba4","status":"passed","time":{"start":1756470619358,"stop":1756470625943,"duration":6585}},{"uid":"5adb5e82905e445e","status":"passed","time":{"start":1756470340401,"stop":1756470348768,"duration":8367}},{"uid":"a281f439bc0b586c","status":"passed","time":{"start":1756468858412,"stop":1756468865764,"duration":7352}},{"uid":"99de3992bf15743c","status":"passed","time":{"start":1756467650604,"stop":1756467657953,"duration":7349}},{"uid":"ca86771c526b8fd8","status":"passed","time":{"start":1756467053895,"stop":1756467061150,"duration":7255}},{"uid":"7e152ad90add80b","status":"passed","time":{"start":1756466686688,"stop":1756466693358,"duration":6670}},{"uid":"dea4c565d1b8fdea","status":"passed","time":{"start":1756466354667,"stop":1756466362290,"duration":7623}}]},"5ea9aed3932bc8bd79497a46ee46ca90":{"statistic":{"failed":0,"broken":0,"skipped":0,"passed":3,"unknown":0,"total":3},"items":[{"uid":"1263f1e5be6eb041","status":"passed","time":{"start":1756714016133,"stop":1756714021293,"duration":5160}},{"uid":"3ab1b20325c77ed5","status":"passed","time":{"start":1756627567162,"stop":1756627573128,"duration":5966}},{"uid":"76b405f30dc127d9","status":"passed","time":{"start":1756582396903,"stop":1756582402146,"duration":5243}}]},"aeacc6bd601ac017fe7d350f8df85b3c":{"statistic":{"failed":0,"broken":0,"skipped":0,"passed":12,"unknown":0,"total":12},"items":[{"uid":"9cc5e58e3bada89d","status":"passed","time":{"start":1756714144274,"stop":1756714151697,"duration":7423}},{"uid":"1731e09786cfd5f3","status":"passed","time":{"start":1756627688292,"stop":1756627695548,"duration":7256}},{"uid":"414cbd6e52db0bd9","status":"passed","time":{"start":1756582518917,"stop":1756582526143,"duration":7226}},{"uid":"897cde03c0d1af31","status":"passed","time":{"start":1756541253550,"stop":1756541260959,"duration":7409}},{"uid":"7e9c3c30db5c3cdc","status":"passed","time":{"start":1756473133410,"stop":1756473140809,"duration":7399}},{"uid":"a4b5727eeacbbd4e","status":"passed","time":{"start":1756471880521,"stop":1756471888123,"duration":7602}},{"uid":"4b59e798c2a4b554","status":"passed","time":{"start":1756471618447,"stop":1756471625981,"duration":7534}},{"uid":"266e49fc08fc0a47","status":"passed","time":{"start":1756470744685,"stop":1756470752570,"duration":7885}},{"uid":"c31af49e0082ac5","status":"passed","time":{"start":1756470389385,"stop":1756470397001,"duration":7616}},{"uid":"10dc1d480fd702d9","status":"passed","time":{"start":1756468925137,"stop":1756468932461,"duration":7324}},{"uid":"b47fb905564c3da","status":"passed","time":{"start":1756467694982,"stop":1756467702815,"duration":7833}},{"uid":"b3c6ab2b343e2289","status":"passed","time":{"start":1756467145483,"stop":1756467152854,"duration":7371}}]},"43cc7076ed4412edab1395a4288a97d3":{"statistic":{"failed":0,"broken":0,"skipped":0,"passed":12,"unknown":0,"total":12},"items":[{"uid":"1547d2ab2d2c3f0d","status":"passed","time":{"start":1756714102055,"stop":1756714113187,"duration":11132}},{"uid":"51f3f0fe72b8971c","status":"passed","time":{"start":1756627648950,"stop":1756627659628,"duration":10678}},{"uid":"ff4faab2e31d370d","status":"passed","time":{"start":1756582477906,"stop":1756582488727,"duration":10821}},{"uid":"63f89d3df775c4db","status":"passed","time":{"start":1756541212275,"stop":1756541223529,"duration":11254}},{"uid":"922226cc00dd0027","status":"passed","time":{"start":1756473091468,"stop":1756473102653,"duration":11185}},{"uid":"be30847bf3ef33a8","status":"passed","time":{"start":1756471837804,"stop":1756471849337,"duration":11533}},{"uid":"5c71516242dfd0a","status":"passed","time":{"start":1756471573642,"stop":1756471585740,"duration":12098}},{"uid":"b3f0bc0956515305","status":"passed","time":{"start":1756470698626,"stop":1756470711725,"duration":13099}},{"uid":"610086bd71a26b04","status":"passed","time":{"start":1756470346548,"stop":1756470358205,"duration":11657}},{"uid":"3e9745d72af52a37","status":"passed","time":{"start":1756468885053,"stop":1756468896043,"duration":10990}},{"uid":"20bea14baabd0c6c","status":"passed","time":{"start":1756467649183,"stop":1756467661356,"duration":12173}},{"uid":"67ed23aa1ef1c120","status":"passed","time":{"start":1756467103763,"stop":1756467115144,"duration":11381}}]},"b0b285d7f9ab30b0c54b5ad80dde88b5":{"statistic":{"failed":0,"broken":0,"skipped":2,"passed":0,"unknown":0,"total":2},"items":[{"uid":"ee9b9a6037f2844c","status":"skipped","statusDetails":"Skipped: Другая логика","time":{"start":1756750587370,"stop":1756750587370,"duration":0}},{"uid":"5bca789dac205636","status":"skipped","statusDetails":"Skipped: Другая логика","time":{"start":1756748453304,"stop":1756748453304,"duration":0}}]},"0b45d105a345358fb6a0a8d821ade57e":{"statistic":{"failed":0,"broken":0,"skipped":0,"passed":3,"unknown":0,"total":3},"items":[{"uid":"516972a6ab152e5","status":"passed","time":{"start":1756713984485,"stop":1756714015663,"duration":31178}},{"uid":"b707304a62d1192e","status":"passed","time":{"start":1756627537224,"stop":1756627566880,"duration":29656}},{"uid":"ca06b48a8c579488","status":"passed","time":{"start":1756582366294,"stop":1756582396595,"duration":30301}}]},"287bc32e21d6ec5a8b3ed5e40e60afe3":{"statistic":{"failed":0,"broken":0,"skipped":0,"passed":12,"unknown":0,"total":12},"items":[{"uid":"63e29510849bb28f","status":"passed","time":{"start":1756714096505,"stop":1756714104426,"duration":7921}},{"uid":"4c422b4f94ff1d1e","status":"passed","time":{"start":1756627651066,"stop":1756627660347,"duration":9281}},{"uid":"54e4c4e97a972057","status":"passed","time":{"start":1756582475810,"stop":1756582484135,"duration":8325}},{"uid":"c1def4b2e5a388e9","status":"passed","time":{"start":1756541197691,"stop":1756541205706,"duration":8015}},{"uid":"6479517a4b7fecd9","status":"passed","time":{"start":1756473062049,"stop":1756473070412,"duration":8363}},{"uid":"2ead1936282398d8","status":"passed","time":{"start":1756471804219,"stop":1756471813478,"duration":9259}},{"uid":"f24c1c15f3412acb","status":"passed","time":{"start":1756471563958,"stop":1756471571676,"duration":7718}},{"uid":"c7b4f023e65bbff7","status":"passed","time":{"start":1756470694777,"stop":1756470704139,"duration":9362}},{"uid":"9780341d77b67edd","status":"passed","time":{"start":1756470336361,"stop":1756470344036,"duration":7675}},{"uid":"4fec34fca7bc2e79","status":"passed","time":{"start":1756468889027,"stop":1756468897814,"duration":8787}},{"uid":"445cb8ac3a967699","status":"passed","time":{"start":1756467642664,"stop":1756467651962,"duration":9298}},{"uid":"375c4d9dea1822f8","status":"passed","time":{"start":1756467103401,"stop":1756467113118,"duration":9717}}]},"7d3132d01c679620729dff7d6b5f10ba":{"statistic":{"failed":0,"broken":0,"skipped":0,"passed":2,"unknown":0,"total":2},"items":[{"uid":"628d0cb244d6b9cf","status":"passed","time":{"start":1756750719441,"stop":1756750730850,"duration":11409}},{"uid":"caedc5f9668a0bb8","status":"passed","time":{"start":1756748544359,"stop":1756748556895,"duration":12536}}]},"35d99de1e63c06491b26d04ed7da46ac":{"statistic":{"failed":0,"broken":0,"skipped":0,"passed":12,"unknown":0,"total":12},"items":[{"uid":"29392740c0b33a58","status":"passed","time":{"start":1756714104616,"stop":1756714118502,"duration":13886}},{"uid":"30363d4d4e246278","status":"passed","time":{"start":1756627660625,"stop":1756627677015,"duration":16390}},{"uid":"6f541846c13983ff","status":"passed","time":{"start":1756582484346,"stop":1756582497935,"duration":13589}},{"uid":"79a9ed9caf1c2f26","status":"passed","time":{"start":1756541206004,"stop":1756541218179,"duration":12175}},{"uid":"e54b6d1b86313987","status":"passed","time":{"start":1756473070674,"stop":1756473085377,"duration":14703}},{"uid":"1d94d65fdb1747ed","status":"passed","time":{"start":1756471813912,"stop":1756471830017,"duration":16105}},{"uid":"18e0274d97396a47","status":"passed","time":{"start":1756471571995,"stop":1756471585548,"duration":13553}},{"uid":"658ccc9b20fcc78","status":"passed","time":{"start":1756470704472,"stop":1756470721256,"duration":16784}},{"uid":"639f74fbd7a9e99a","status":"passed","time":{"start":1756470344508,"stop":1756470358369,"duration":13861}},{"uid":"fb3271934f13f530","status":"passed","time":{"start":1756468898217,"stop":1756468912036,"duration":13819}},{"uid":"d47c1297b9c045b","status":"passed","time":{"start":1756467652194,"stop":1756467667550,"duration":15356}},{"uid":"6c2463802d94728c","status":"passed","time":{"start":1756467113520,"stop":1756467130047,"duration":16527}}]},"a95c3ab8edbe18d6435203997fad25a2":{"statistic":{"failed":0,"broken":0,"skipped":0,"passed":12,"unknown":0,"total":12},"items":[{"uid":"f0b6b582fba50b46","status":"passed","time":{"start":1756714088380,"stop":1756714094519,"duration":6139}},{"uid":"234e05d68276c528","status":"passed","time":{"start":1756627635404,"stop":1756627641578,"duration":6174}},{"uid":"49bf44f1c4271a39","status":"passed","time":{"start":1756582464153,"stop":1756582470420,"duration":6267}},{"uid":"562ba8a1165acebd","status":"passed","time":{"start":1756541197943,"stop":1756541204692,"duration":6749}},{"uid":"fb3826550aa37d4f","status":"passed","time":{"start":1756473077614,"stop":1756473083889,"duration":6275}},{"uid":"6722af2f508b49e7","status":"passed","time":{"start":1756471823593,"stop":1756471829956,"duration":6363}},{"uid":"efa91e9a7ee89802","status":"passed","time":{"start":1756471559381,"stop":1756471565974,"duration":6593}},{"uid":"6f0b0a97f8124333","status":"passed","time":{"start":1756470683443,"stop":1756470690268,"duration":6825}},{"uid":"58467d8180c4b7eb","status":"passed","time":{"start":1756470332553,"stop":1756470338960,"duration":6407}},{"uid":"15fed2116c50b3e9","status":"passed","time":{"start":1756468871416,"stop":1756468877627,"duration":6211}},{"uid":"7f6a081b31deaf6","status":"passed","time":{"start":1756467634435,"stop":1756467641210,"duration":6775}},{"uid":"b30e51ab47ea550d","status":"passed","time":{"start":1756467089386,"stop":1756467096086,"duration":6700}}]},"41e627730243e1f766de611225909225":{"statistic":{"failed":0,"broken":0,"skipped":0,"passed":2,"unknown":0,"total":2},"items":[{"uid":"a6ac50e8736ae5fe","status":"passed","time":{"start":1756750581249,"stop":1756750587329,"duration":6080}},{"uid":"46816668499be13a","status":"passed","time":{"start":1756748448523,"stop":1756748453260,"duration":4737}}]},"34ebf4458768f0e43fb4001c44d14b8a":{"statistic":{"failed":0,"broken":0,"skipped":0,"passed":2,"unknown":0,"total":2},"items":[{"uid":"d670a5a0e435bce9","status":"passed","time":{"start":1756750593452,"stop":1756750601147,"duration":7695}},{"uid":"121365824cfeef37","status":"passed","time":{"start":1756748458210,"stop":1756748464987,"duration":6777}}]},"9c3673a0b9985433b7e25f7db6f3d09d":{"statistic":{"failed":0,"broken":0,"skipped":2,"passed":0,"unknown":0,"total":2},"items":[{"uid":"4f479f8c725c3cc0","status":"skipped","statusDetails":"Skipped: Другая логика","time":{"start":1756750674316,"stop":1756750674316,"duration":0}},{"uid":"9abfcd93e23d7cd2","status":"skipped","statusDetails":"Skipped: Другая логика","time":{"start":1756748495871,"stop":1756748495871,"duration":0}}]},"d95d3c10e3e94cfc3937eed1fd96cecb":{"statistic":{"failed":0,"broken":0,"skipped":0,"passed":3,"unknown":0,"total":3},"items":[{"uid":"8c015788b610a026","status":"passed","time":{"start":1756714044111,"stop":1756714076967,"duration":32856}},{"uid":"ef3d63a9f62e8eff","status":"passed","time":{"start":1756627593287,"stop":1756627624524,"duration":31237}},{"uid":"e387131b6e30ff17","status":"passed","time":{"start":1756582419599,"stop":1756582453134,"duration":33535}}]},"554de5d66bb3a2a06a0b02c20174c04d":{"statistic":{"failed":0,"broken":0,"skipped":0,"passed":12,"unknown":0,"total":12},"items":[{"uid":"f97071c192669199","status":"passed","time":{"start":1756714113261,"stop":1756714125001,"duration":11740}},{"uid":"893207a612945968","status":"passed","time":{"start":1756627659695,"stop":1756627670919,"duration":11224}},{"uid":"6d1f02da162bf59a","status":"passed","time":{"start":1756582488806,"stop":1756582500019,"duration":11213}},{"uid":"4a8841aa9d191baf","status":"passed","time":{"start":1756541223596,"stop":1756541234999,"duration":11403}},{"uid":"e321c8b7ee10062e","status":"passed","time":{"start":1756473102722,"stop":1756473114103,"duration":11381}},{"uid":"d4eb79f538852686","status":"passed","time":{"start":1756471849411,"stop":1756471861050,"duration":11639}},{"uid":"ffeacc53a6b69484","status":"passed","time":{"start":1756471585815,"stop":1756471597406,"duration":11591}},{"uid":"f69ef7c893365a57","status":"passed","time":{"start":1756470711795,"stop":1756470724478,"duration":12683}},{"uid":"e25fcd991df71f7","status":"passed","time":{"start":1756470358281,"stop":1756470369807,"duration":11526}},{"uid":"6eb8f2ba8dfe962f","status":"passed","time":{"start":1756468896112,"stop":1756468906806,"duration":10694}},{"uid":"191a281ea5e499ab","status":"passed","time":{"start":1756467661425,"stop":1756467673775,"duration":12350}},{"uid":"fa342db6fa597f68","status":"passed","time":{"start":1756467115215,"stop":1756467126599,"duration":11384}}]},"e2162d4fded4a9b3e354dda56eefd816":{"statistic":{"failed":0,"broken":0,"skipped":0,"passed":2,"unknown":0,"total":2},"items":[{"uid":"eca438d6926b23dc","status":"passed","time":{"start":1756750697512,"stop":1756750704791,"duration":7279}},{"uid":"4abdf7cd840dd84a","status":"passed","time":{"start":1756748587133,"stop":1756748594641,"duration":7508}}]},"ed3012cf3e0d42033d1729835921f86f":{"statistic":{"failed":0,"broken":0,"skipped":0,"passed":12,"unknown":0,"total":12},"items":[{"uid":"b3eec7ee6885b05a","status":"passed","time":{"start":1756714267679,"stop":1756714281674,"duration":13995}},{"uid":"6ac72575b1c49f04","status":"passed","time":{"start":1756627722367,"stop":1756627733711,"duration":11344}},{"uid":"a1bb99d8122540ce","status":"passed","time":{"start":1756582538672,"stop":1756582551967,"duration":13295}},{"uid":"e1573c07ef41e126","status":"passed","time":{"start":1756541292381,"stop":1756541303578,"duration":11197}},{"uid":"3b68ceb3a82a5179","status":"passed","time":{"start":1756473142389,"stop":1756473154638,"duration":12249}},{"uid":"62eb2153537cc7b3","status":"passed","time":{"start":1756471859293,"stop":1756471870750,"duration":11457}},{"uid":"a91c9f145c7c8b5","status":"passed","time":{"start":1756471572705,"stop":1756471584579,"duration":11874}},{"uid":"d79273a14ef96fd2","status":"passed","time":{"start":1756470702819,"stop":1756470717498,"duration":14679}},{"uid":"4a0492882bd41b59","status":"passed","time":{"start":1756470426671,"stop":1756470438837,"duration":12166}},{"uid":"f3e176a965780cbd","status":"passed","time":{"start":1756468948058,"stop":1756468961993,"duration":13935}},{"uid":"c9c85b5edfcb22cc","status":"passed","time":{"start":1756467740312,"stop":1756467754504,"duration":14192}},{"uid":"e8137a2cb6a405e","status":"passed","time":{"start":1756467144718,"stop":1756467158620,"duration":13902}}]},"9c5bd95bf98fcdc690c981b3c6ae0042":{"statistic":{"failed":0,"broken":0,"skipped":0,"passed":2,"unknown":0,"total":2},"items":[{"uid":"49441143657ce409","status":"passed","time":{"start":1756750545370,"stop":1756750575064,"duration":29694}},{"uid":"ce9d9dc49f7c65f8","status":"passed","time":{"start":1756748416026,"stop":1756748443162,"duration":27136}}]},"febb5c0af15d7b8f81ceb388c3ff6118":{"statistic":{"failed":0,"broken":0,"skipped":0,"passed":12,"unknown":0,"total":12},"items":[{"uid":"26cfbcbba8b30683","status":"passed","time":{"start":1756714200815,"stop":1756714215939,"duration":15124}},{"uid":"9c5a73818c22f836","status":"passed","time":{"start":1756627661058,"stop":1756627672925,"duration":11867}},{"uid":"bf4b7fe2991a78f1","status":"passed","time":{"start":1756582474231,"stop":1756582487810,"duration":13579}},{"uid":"cddf5e5e55dbbe39","status":"passed","time":{"start":1756541230821,"stop":1756541242778,"duration":11957}},{"uid":"f68b4e0f9e2c1ebd","status":"passed","time":{"start":1756473081027,"stop":1756473092666,"duration":11639}},{"uid":"5c78635d08677799","status":"passed","time":{"start":1756471797663,"stop":1756471809551,"duration":11888}},{"uid":"8e4c258c89bd3fd1","status":"passed","time":{"start":1756471512099,"stop":1756471523406,"duration":11307}},{"uid":"406b30cea8b3fa88","status":"passed","time":{"start":1756470641155,"stop":1756470653703,"duration":12548}},{"uid":"99ef0f2d8026285b","status":"passed","time":{"start":1756470364712,"stop":1756470376881,"duration":12169}},{"uid":"e31d868589188b1a","status":"passed","time":{"start":1756468882163,"stop":1756468896335,"duration":14172}},{"uid":"9aa49693dd45e6fd","status":"passed","time":{"start":1756467674659,"stop":1756467688666,"duration":14007}},{"uid":"dafb36dd55a55889","status":"passed","time":{"start":1756467078351,"stop":1756467092796,"duration":14445}}]},"3bd4d09a0fdd80b3b90a47f77208f41f":{"statistic":{"failed":0,"broken":0,"skipped":0,"passed":2,"unknown":0,"total":2},"items":[{"uid":"9cb5bf21640fd730","status":"passed","time":{"start":1756750665430,"stop":1756750669733,"duration":4303}},{"uid":"440a571a76b47a28","status":"passed","time":{"start":1756748485654,"stop":1756748490400,"duration":4746}}]},"b1bd173f41f6bb8fb7bcf71c7e1efb4f":{"statistic":{"failed":0,"broken":0,"skipped":0,"passed":2,"unknown":0,"total":2},"items":[{"uid":"557d73a3a69906a1","status":"passed","time":{"start":1756750711724,"stop":1756750719231,"duration":7507}},{"uid":"df5377e926bc3f19","status":"passed","time":{"start":1756748535970,"stop":1756748544135,"duration":8165}}]},"054bdf01d45a10adac2c5649cd54ebd0":{"statistic":{"failed":0,"broken":0,"skipped":0,"passed":2,"unknown":0,"total":2},"items":[{"uid":"1108531c92b05dbf","status":"passed","time":{"start":1756750704913,"stop":1756750711513,"duration":6600}},{"uid":"7a63b075a539dc1e","status":"passed","time":{"start":1756748529218,"stop":1756748535759,"duration":6541}}]},"62268d7beef3c46a1f3af66df69bae03":{"statistic":{"failed":0,"broken":0,"skipped":0,"passed":2,"unknown":0,"total":2},"items":[{"uid":"2f7c10e12e5f8a3a","status":"passed","time":{"start":1756750596959,"stop":1756750604954,"duration":7995}},{"uid":"8da1b29fdd472ec2","status":"passed","time":{"start":1756748482160,"stop":1756748490179,"duration":8019}}]},"92924045c375114599cf6fe1cadcde89":{"statistic":{"failed":0,"broken":0,"skipped":0,"passed":2,"unknown":0,"total":2},"items":[{"uid":"72a7ee5b7ca02e5d","status":"passed","time":{"start":1756750704878,"stop":1756750716261,"duration":11383}},{"uid":"23f31d24801e5f86","status":"passed","time":{"start":1756748594709,"stop":1756748606217,"duration":11508}}]},"5399d81537e01aa0329a149fb3c0d076":{"statistic":{"failed":0,"broken":0,"skipped":0,"passed":2,"unknown":0,"total":2},"items":[{"uid":"ce4239c70d144f3f","status":"passed","time":{"start":1756750625744,"stop":1756750633476,"duration":7732}},{"uid":"e4c4fcf650fb206a","status":"passed","time":{"start":1756748485608,"stop":1756748492112,"duration":6504}}]},"294129abb18f80a5221de00b9ff40c0f":{"statistic":{"failed":0,"broken":0,"skipped":0,"passed":12,"unknown":0,"total":12},"items":[{"uid":"caac493f7b3c717a","status":"passed","time":{"start":1756714151764,"stop":1756714163745,"duration":11981}},{"uid":"23d501b436783146","status":"passed","time":{"start":1756627695614,"stop":1756627706665,"duration":11051}},{"uid":"7228229181274b4f","status":"passed","time":{"start":1756582526209,"stop":1756582537246,"duration":11037}},{"uid":"f4e50c2d59b05042","status":"passed","time":{"start":1756541261025,"stop":1756541272326,"duration":11301}},{"uid":"347e6585a31541e6","status":"passed","time":{"start":1756473140876,"stop":1756473152366,"duration":11490}},{"uid":"b0c2b299532f918d","status":"passed","time":{"start":1756471888196,"stop":1756471900511,"duration":12315}},{"uid":"5a82bd7e09226db","status":"passed","time":{"start":1756471626053,"stop":1756471637504,"duration":11451}},{"uid":"f5aa74e07bc2922","status":"passed","time":{"start":1756470752640,"stop":1756470767040,"duration":14400}},{"uid":"4baba7251b21e91a","status":"passed","time":{"start":1756470397076,"stop":1756470408719,"duration":11643}},{"uid":"136e97b289f1a54e","status":"passed","time":{"start":1756468932552,"stop":1756468943984,"duration":11432}},{"uid":"efb5f50a0f1ab6e8","status":"passed","time":{"start":1756467702882,"stop":1756467714903,"duration":12021}},{"uid":"8624b0db3345edf9","status":"passed","time":{"start":1756467152921,"stop":1756467164308,"duration":11387}}]},"7c8b0d41f739b202bd82a1b89b465dd2":{"statistic":{"failed":0,"broken":0,"skipped":0,"passed":12,"unknown":0,"total":12},"items":[{"uid":"ed4b04d8c2722e7b","status":"passed","time":{"start":1756714094595,"stop":1756714101982,"duration":7387}},{"uid":"e10601f6b2114fa0","status":"passed","time":{"start":1756627641649,"stop":1756627648879,"duration":7230}},{"uid":"e0e0e5bee59ef724","status":"passed","time":{"start":1756582470494,"stop":1756582477833,"duration":7339}},{"uid":"ac28bd7b70974a84","status":"passed","time":{"start":1756541204764,"stop":1756541212208,"duration":7444}},{"uid":"cc77ca3540f68060","status":"passed","time":{"start":1756473083969,"stop":1756473091400,"duration":7431}},{"uid":"4d271801a1702bb3","status":"passed","time":{"start":1756471830035,"stop":1756471837734,"duration":7699}},{"uid":"38a721496b22e231","status":"passed","time":{"start":1756471566054,"stop":1756471573572,"duration":7518}},{"uid":"9d3689d57bc4ade2","status":"passed","time":{"start":1756470690343,"stop":1756470698557,"duration":8214}},{"uid":"1695b607dc7ece7a","status":"passed","time":{"start":1756470339038,"stop":1756470346473,"duration":7435}},{"uid":"ff17416afc59a084","status":"passed","time":{"start":1756468877699,"stop":1756468884983,"duration":7284}},{"uid":"784576a6e0b4a3c9","status":"passed","time":{"start":1756467641287,"stop":1756467649117,"duration":7830}},{"uid":"4da61518b068fcc0","status":"passed","time":{"start":1756467096170,"stop":1756467103696,"duration":7526}}]},"9bdca6b44f9cf4751b85c021f7d8fc58":{"statistic":{"failed":0,"broken":0,"skipped":0,"passed":2,"unknown":0,"total":2},"items":[{"uid":"93c1085ca328e8f0","status":"passed","time":{"start":1756750665616,"stop":1756750680166,"duration":14550}},{"uid":"679d6ff111f273ab","status":"passed","time":{"start":1756748521302,"stop":1756748534606,"duration":13304}}]},"fd3c099fb679c718f4f1f1de78d813e3":{"statistic":{"failed":0,"broken":0,"skipped":0,"passed":3,"unknown":0,"total":3},"items":[{"uid":"ce661b60a6e73c88","status":"passed","time":{"start":1756714077211,"stop":1756714081563,"duration":4352}},{"uid":"9c0ea678459f9236","status":"passed","time":{"start":1756627624758,"stop":1756627628945,"duration":4187}},{"uid":"edd18f2dcb057971","status":"passed","time":{"start":1756582453548,"stop":1756582457794,"duration":4246}}]}}