[{"data":{"failed":2,"broken":7,"skipped":30,"passed":124,"unknown":0,"total":163}},{"data":{"failed":1,"broken":5,"skipped":30,"passed":127,"unknown":0,"total":163}},{"data":{"failed":1,"broken":17,"skipped":30,"passed":111,"unknown":0,"total":159}},{"data":{"failed":1,"broken":18,"skipped":30,"passed":110,"unknown":0,"total":159}},{"data":{"failed":1,"broken":16,"skipped":30,"passed":112,"unknown":0,"total":159}},{"data":{"failed":3,"broken":21,"skipped":30,"passed":105,"unknown":0,"total":159}},{"data":{"failed":0,"broken":11,"skipped":30,"passed":118,"unknown":0,"total":159}},{"data":{"failed":0,"broken":9,"skipped":30,"passed":120,"unknown":0,"total":159}},{"data":{"failed":1,"broken":10,"skipped":30,"passed":118,"unknown":0,"total":159}},{"data":{"failed":0,"broken":9,"skipped":30,"passed":120,"unknown":0,"total":159}},{"data":{"failed":0,"broken":8,"skipped":30,"passed":121,"unknown":0,"total":159}},{"data":{"failed":0,"broken":9,"skipped":30,"passed":120,"unknown":0,"total":159}},{"data":{"failed":0,"broken":2,"skipped":31,"passed":149,"unknown":0,"total":182}},{"data":{"failed":0,"broken":1,"skipped":31,"passed":150,"unknown":0,"total":182}},{"data":{"failed":0,"broken":0,"skipped":31,"passed":151,"unknown":0,"total":182}},{"data":{"failed":0,"broken":4,"skipped":31,"passed":147,"unknown":0,"total":182}},{"data":{"failed":0,"broken":3,"skipped":31,"passed":148,"unknown":0,"total":182}},{"data":{"failed":0,"broken":2,"skipped":31,"passed":149,"unknown":0,"total":182}},{"data":{"failed":0,"broken":2,"skipped":31,"passed":149,"unknown":0,"total":182}},{"data":{"failed":0,"broken":3,"skipped":31,"passed":148,"unknown":0,"total":182}}]