{"fb04e8af0af075a189ebfac64bb89a35":{"statistic":{"failed":0,"broken":0,"skipped":0,"passed":2,"unknown":0,"total":2},"items":[{"uid":"fb26112d8d48f248","status":"passed","time":{"start":1756467576396,"stop":1756467586040,"duration":9644}},{"uid":"fa723516f5a8ef57","status":"passed","time":{"start":1756467037458,"stop":1756467046737,"duration":9279}}]},"0afc6142877ea813c158614bec4de66a":{"statistic":{"failed":0,"broken":0,"skipped":0,"passed":4,"unknown":0,"total":4},"items":[{"uid":"5370e154512f5823","status":"passed","time":{"start":1756467560120,"stop":1756467567970,"duration":7850}},{"uid":"2a23422ceb32c8c8","status":"passed","time":{"start":1756467018830,"stop":1756467028100,"duration":9270}},{"uid":"ad54dcdef33287fc","status":"passed","time":{"start":1756466667944,"stop":1756466676088,"duration":8144}},{"uid":"54c2609970db6cd2","status":"passed","time":{"start":1756466319202,"stop":1756466328821,"duration":9619}}]},"f1b2b57aa95c623e103714eb605ef98f":{"statistic":{"failed":0,"broken":0,"skipped":2,"passed":0,"unknown":0,"total":2},"items":[{"uid":"e3217c32e45aac35","status":"skipped","statusDetails":"Skipped: Пример теста","time":{"start":1756467620913,"stop":1756467620913,"duration":0}},{"uid":"9eae13cbe9d1116c","status":"skipped","statusDetails":"Skipped: Пример теста","time":{"start":1756467023250,"stop":1756467023250,"duration":0}}]},"bdda86db0e54c042d3634e834ad22237":{"statistic":{"failed":0,"broken":0,"skipped":0,"passed":4,"unknown":0,"total":4},"items":[{"uid":"3f44499613489a9d","status":"passed","time":{"start":1756467627556,"stop":1756467634358,"duration":6802}},{"uid":"c1f3458546604f99","status":"passed","time":{"start":1756467083004,"stop":1756467089305,"duration":6301}},{"uid":"1ab9e2bdf4cb017c","status":"passed","time":{"start":1756466748824,"stop":1756466758192,"duration":9368}},{"uid":"eccf5dc547d25b5c","status":"passed","time":{"start":1756466418270,"stop":1756466427226,"duration":8956}}]},"680a209e9f599cb6746ff647ae867624":{"statistic":{"failed":0,"broken":0,"skipped":0,"passed":2,"unknown":0,"total":2},"items":[{"uid":"6312190509e1c5fb","status":"passed","time":{"start":1756467658156,"stop":1756467665559,"duration":7403}},{"uid":"bc632af148c43fad","status":"passed","time":{"start":1756467061348,"stop":1756467069281,"duration":7933}}]},"e5263dd147bc22bd0c4d2a4392260379":{"statistic":{"failed":0,"broken":0,"skipped":0,"passed":2,"unknown":0,"total":2},"items":[{"uid":"2aaaa5f98e7ca0e3","status":"passed","time":{"start":1756467593256,"stop":1756467627278,"duration":34022}},{"uid":"203af2c68ce75229","status":"passed","time":{"start":1756467049692,"stop":1756467082677,"duration":32985}}]},"41e5947a8622ab8af491f2e3c723d6aa":{"statistic":{"failed":0,"broken":0,"skipped":0,"passed":2,"unknown":0,"total":2},"items":[{"uid":"e0c7836da0da9329","status":"passed","time":{"start":1756467731469,"stop":1756467740104,"duration":8635}},{"uid":"9d19e73c3bce6364","status":"passed","time":{"start":1756467135719,"stop":1756467144252,"duration":8533}}]},"e0b123a7591139358d9e219514ceafa8":{"statistic":{"failed":0,"broken":0,"skipped":0,"passed":2,"unknown":0,"total":2},"items":[{"uid":"ff91bb25060ae5e1","status":"passed","time":{"start":1756467681803,"stop":1756467694914,"duration":13111}},{"uid":"44769e3aff73498b","status":"passed","time":{"start":1756467134155,"stop":1756467145415,"duration":11260}}]},"ebdc9f6b1820601d86aaa656f3317778":{"statistic":{"failed":0,"broken":0,"skipped":0,"passed":2,"unknown":0,"total":2},"items":[{"uid":"27f32d48afa80bb","status":"passed","time":{"start":1756467665771,"stop":1756467674442,"duration":8671}},{"uid":"518835aa1a61653b","status":"passed","time":{"start":1756467069480,"stop":1756467078128,"duration":8648}}]},"e390050e83ea94c53cdf1c51b4865fc5":{"statistic":{"failed":0,"broken":0,"skipped":0,"passed":2,"unknown":0,"total":2},"items":[{"uid":"4bd00121612421f","status":"passed","time":{"start":1756467763508,"stop":1756467778315,"duration":14807}},{"uid":"ac56caa27da1c479","status":"passed","time":{"start":1756467167483,"stop":1756467182455,"duration":14972}}]},"c55894fe1d43a0b545832583489105cb":{"statistic":{"failed":0,"broken":0,"skipped":2,"passed":0,"unknown":0,"total":2},"items":[{"uid":"d2723f1e3d6d1c8","status":"skipped","statusDetails":"Skipped: Пример теста","time":{"start":1756467522873,"stop":1756467522873,"duration":0}},{"uid":"25e5091f9704cec7","status":"skipped","statusDetails":"Skipped: Пример теста","time":{"start":1756466981632,"stop":1756466981632,"duration":0}}]},"2ca1515345bbbb9e5e6bb4d28d7d5e51":{"statistic":{"failed":0,"broken":0,"skipped":0,"passed":2,"unknown":0,"total":2},"items":[{"uid":"86fabfe99a87d703","status":"passed","time":{"start":1756467754724,"stop":1756467763281,"duration":8557}},{"uid":"a861e0a6a4395fd","status":"passed","time":{"start":1756467158824,"stop":1756467167267,"duration":8443}}]},"b2ad04fb7facc92ac34814cff2c0088e":{"statistic":{"failed":0,"broken":0,"skipped":0,"passed":2,"unknown":0,"total":2},"items":[{"uid":"53b6472dd09b80b1","status":"passed","time":{"start":1756467526811,"stop":1756467559757,"duration":32946}},{"uid":"f95f0680751c8ef1","status":"passed","time":{"start":1756466984013,"stop":1756467018262,"duration":34249}}]},"c130b9c2a51544ba578e8d6bd661fad8":{"statistic":{"failed":0,"broken":0,"skipped":0,"passed":4,"unknown":0,"total":4},"items":[{"uid":"99de3992bf15743c","status":"passed","time":{"start":1756467650604,"stop":1756467657953,"duration":7349}},{"uid":"ca86771c526b8fd8","status":"passed","time":{"start":1756467053895,"stop":1756467061150,"duration":7255}},{"uid":"7e152ad90add80b","status":"passed","time":{"start":1756466686688,"stop":1756466693358,"duration":6670}},{"uid":"dea4c565d1b8fdea","status":"passed","time":{"start":1756466354667,"stop":1756466362290,"duration":7623}}]},"aeacc6bd601ac017fe7d350f8df85b3c":{"statistic":{"failed":0,"broken":0,"skipped":0,"passed":2,"unknown":0,"total":2},"items":[{"uid":"b47fb905564c3da","status":"passed","time":{"start":1756467694982,"stop":1756467702815,"duration":7833}},{"uid":"b3c6ab2b343e2289","status":"passed","time":{"start":1756467145483,"stop":1756467152854,"duration":7371}}]},"d233dfd39762468603d66da32746cd61":{"statistic":{"failed":0,"broken":0,"skipped":0,"passed":2,"unknown":0,"total":2},"items":[{"uid":"316fad81e64fa50b","status":"passed","time":{"start":1756467628039,"stop":1756467642323,"duration":14284}},{"uid":"2164f31204348a49","status":"passed","time":{"start":1756467087271,"stop":1756467102836,"duration":15565}}]},"43cc7076ed4412edab1395a4288a97d3":{"statistic":{"failed":0,"broken":0,"skipped":0,"passed":2,"unknown":0,"total":2},"items":[{"uid":"20bea14baabd0c6c","status":"passed","time":{"start":1756467649183,"stop":1756467661356,"duration":12173}},{"uid":"67ed23aa1ef1c120","status":"passed","time":{"start":1756467103763,"stop":1756467115144,"duration":11381}}]},"430e3cd77981f7a35d9444e233bd7b2d":{"statistic":{"failed":0,"broken":0,"skipped":0,"passed":2,"unknown":0,"total":2},"items":[{"uid":"2436a8f244becc25","status":"passed","time":{"start":1756467688880,"stop":1756467731248,"duration":42368}},{"uid":"82b5ef42d4f8f0da","status":"passed","time":{"start":1756467093019,"stop":1756467135514,"duration":42495}}]},"287bc32e21d6ec5a8b3ed5e40e60afe3":{"statistic":{"failed":0,"broken":0,"skipped":0,"passed":2,"unknown":0,"total":2},"items":[{"uid":"445cb8ac3a967699","status":"passed","time":{"start":1756467642664,"stop":1756467651962,"duration":9298}},{"uid":"375c4d9dea1822f8","status":"passed","time":{"start":1756467103401,"stop":1756467113118,"duration":9717}}]},"c66b8ea3c354be710c5c46c833508ce7":{"statistic":{"failed":0,"broken":0,"skipped":0,"passed":2,"unknown":0,"total":2},"items":[{"uid":"13b1905feea31e83","status":"passed","time":{"start":1756467618435,"stop":1756467627773,"duration":9338}},{"uid":"9a9d4c1739eb15a","status":"passed","time":{"start":1756467077316,"stop":1756467086865,"duration":9549}}]},"e835fb9011b375b6847857cd83b3b197":{"statistic":{"failed":0,"broken":0,"skipped":0,"passed":2,"unknown":0,"total":2},"items":[{"uid":"a0af176e003cecf","status":"passed","time":{"start":1756467603666,"stop":1756467618088,"duration":14422}},{"uid":"946f20fc27d92ef9","status":"passed","time":{"start":1756467062139,"stop":1756467076944,"duration":14805}}]},"35d99de1e63c06491b26d04ed7da46ac":{"statistic":{"failed":0,"broken":0,"skipped":0,"passed":2,"unknown":0,"total":2},"items":[{"uid":"d47c1297b9c045b","status":"passed","time":{"start":1756467652194,"stop":1756467667550,"duration":15356}},{"uid":"6c2463802d94728c","status":"passed","time":{"start":1756467113520,"stop":1756467130047,"duration":16527}}]},"a95c3ab8edbe18d6435203997fad25a2":{"statistic":{"failed":0,"broken":0,"skipped":0,"passed":2,"unknown":0,"total":2},"items":[{"uid":"7f6a081b31deaf6","status":"passed","time":{"start":1756467634435,"stop":1756467641210,"duration":6775}},{"uid":"b30e51ab47ea550d","status":"passed","time":{"start":1756467089386,"stop":1756467096086,"duration":6700}}]},"554de5d66bb3a2a06a0b02c20174c04d":{"statistic":{"failed":0,"broken":0,"skipped":0,"passed":2,"unknown":0,"total":2},"items":[{"uid":"191a281ea5e499ab","status":"passed","time":{"start":1756467661425,"stop":1756467673775,"duration":12350}},{"uid":"fa342db6fa597f68","status":"passed","time":{"start":1756467115215,"stop":1756467126599,"duration":11384}}]},"6202076fdec220d0a23ede5cca4d5dce":{"statistic":{"failed":0,"broken":0,"skipped":0,"passed":2,"unknown":0,"total":2},"items":[{"uid":"5516387e1010adee","status":"passed","time":{"start":1756467673843,"stop":1756467681737,"duration":7894}},{"uid":"a68a3303485efbab","status":"passed","time":{"start":1756467126666,"stop":1756467134088,"duration":7422}}]},"832dfbb2c20ecbfcf060aecb68b55bf2":{"statistic":{"failed":0,"broken":0,"skipped":0,"passed":2,"unknown":0,"total":2},"items":[{"uid":"7830aea7acac9311","status":"passed","time":{"start":1756467586383,"stop":1756467603180,"duration":16797}},{"uid":"54148730276bf5b8","status":"passed","time":{"start":1756467046933,"stop":1756467061725,"duration":14792}}]},"ed3012cf3e0d42033d1729835921f86f":{"statistic":{"failed":0,"broken":0,"skipped":0,"passed":2,"unknown":0,"total":2},"items":[{"uid":"c9c85b5edfcb22cc","status":"passed","time":{"start":1756467740312,"stop":1756467754504,"duration":14192}},{"uid":"e8137a2cb6a405e","status":"passed","time":{"start":1756467144718,"stop":1756467158620,"duration":13902}}]},"4371f2f3af21df75d15556180f75feb7":{"statistic":{"failed":0,"broken":0,"skipped":0,"passed":2,"unknown":0,"total":2},"items":[{"uid":"f845c47af8e9bea3","status":"passed","time":{"start":1756467568131,"stop":1756467576216,"duration":8085}},{"uid":"c581165ee7e89183","status":"passed","time":{"start":1756467028500,"stop":1756467037173,"duration":8673}}]},"02dab720ca452495c85d82fdb1368da2":{"statistic":{"failed":0,"broken":0,"skipped":0,"passed":2,"unknown":0,"total":2},"items":[{"uid":"3af2ff986bfd696f","status":"passed","time":{"start":1756467622514,"stop":1756467650406,"duration":27892}},{"uid":"bfa3ab1377889811","status":"passed","time":{"start":1756467024747,"stop":1756467053700,"duration":28953}}]},"febb5c0af15d7b8f81ceb388c3ff6118":{"statistic":{"failed":0,"broken":0,"skipped":0,"passed":2,"unknown":0,"total":2},"items":[{"uid":"9aa49693dd45e6fd","status":"passed","time":{"start":1756467674659,"stop":1756467688666,"duration":14007}},{"uid":"dafb36dd55a55889","status":"passed","time":{"start":1756467078351,"stop":1756467092796,"duration":14445}}]},"3394ce6d868e302b52a3c89b70f9c8d6":{"statistic":{"failed":0,"broken":0,"skipped":2,"passed":0,"unknown":0,"total":2},"items":[{"uid":"4d22c7a032a0de","status":"skipped","statusDetails":"Skipped: Пример теста","time":{"start":1756467592365,"stop":1756467592365,"duration":0}},{"uid":"8c9dd8587a3374ed","status":"skipped","statusDetails":"Skipped: Пример теста","time":{"start":1756467048742,"stop":1756467048742,"duration":0}}]},"294129abb18f80a5221de00b9ff40c0f":{"statistic":{"failed":0,"broken":0,"skipped":0,"passed":2,"unknown":0,"total":2},"items":[{"uid":"efb5f50a0f1ab6e8","status":"passed","time":{"start":1756467702882,"stop":1756467714903,"duration":12021}},{"uid":"8624b0db3345edf9","status":"passed","time":{"start":1756467152921,"stop":1756467164308,"duration":11387}}]},"7c8b0d41f739b202bd82a1b89b465dd2":{"statistic":{"failed":0,"broken":0,"skipped":0,"passed":2,"unknown":0,"total":2},"items":[{"uid":"784576a6e0b4a3c9","status":"passed","time":{"start":1756467641287,"stop":1756467649117,"duration":7830}},{"uid":"4da61518b068fcc0","status":"passed","time":{"start":1756467096170,"stop":1756467103696,"duration":7526}}]}}