[{"data":{"failed":0,"broken":2,"skipped":19,"passed":128,"unknown":0,"total":149}},{"data":{"failed":0,"broken":1,"skipped":11,"passed":76,"unknown":0,"total":88}},{"data":{"failed":0,"broken":0,"skipped":11,"passed":77,"unknown":0,"total":88}},{"data":{"failed":0,"broken":0,"skipped":18,"passed":77,"unknown":0,"total":95}},{"data":{"failed":0,"broken":0,"skipped":18,"passed":77,"unknown":0,"total":95}},{"data":{"failed":0,"broken":1,"skipped":18,"passed":68,"unknown":0,"total":87}},{"data":{"failed":0,"broken":0,"skipped":18,"passed":77,"unknown":0,"total":95}},{"data":{"failed":0,"broken":0,"skipped":8,"passed":69,"unknown":0,"total":77}},{"data":{"failed":0,"broken":0,"skipped":8,"passed":69,"unknown":0,"total":77}},{"data":{"failed":0,"broken":0,"skipped":8,"passed":69,"unknown":0,"total":77}},{"data":{"failed":0,"broken":0,"skipped":8,"passed":65,"unknown":0,"total":73}},{"data":{"failed":0,"broken":0,"skipped":8,"passed":65,"unknown":0,"total":73}},{"data":{"failed":0,"broken":1,"skipped":8,"passed":64,"unknown":0,"total":73}},{"data":{"failed":0,"broken":0,"skipped":9,"passed":64,"unknown":0,"total":73}},{"data":{"failed":0,"broken":1,"skipped":8,"passed":64,"unknown":0,"total":73}},{"data":{"failed":0,"broken":0,"skipped":9,"passed":64,"unknown":0,"total":73}},{"data":{"failed":0,"broken":0,"skipped":8,"passed":65,"unknown":0,"total":73}},{"data":{"failed":0,"broken":0,"skipped":8,"passed":65,"unknown":0,"total":73}},{"data":{"failed":0,"broken":0,"skipped":12,"passed":60,"unknown":0,"total":72}},{"data":{"failed":0,"broken":0,"skipped":11,"passed":61,"unknown":0,"total":72}}]