[{"data":{"failed":1,"broken":2,"skipped":31,"passed":194,"unknown":0,"total":228}},{"data":{"failed":0,"broken":2,"skipped":31,"passed":195,"unknown":0,"total":228}},{"data":{"failed":0,"broken":2,"skipped":31,"passed":195,"unknown":0,"total":228}},{"data":{"failed":0,"broken":4,"skipped":31,"passed":193,"unknown":0,"total":228}},{"data":{"failed":1,"broken":3,"skipped":31,"passed":193,"unknown":0,"total":228}},{"data":{"failed":0,"broken":6,"skipped":34,"passed":188,"unknown":0,"total":228}},{"data":{"failed":1,"broken":7,"skipped":30,"passed":125,"unknown":0,"total":163}},{"data":{"failed":3,"broken":4,"skipped":30,"passed":126,"unknown":0,"total":163}},{"data":{"failed":2,"broken":7,"skipped":30,"passed":124,"unknown":0,"total":163}},{"data":{"failed":1,"broken":5,"skipped":30,"passed":127,"unknown":0,"total":163}},{"data":{"failed":1,"broken":17,"skipped":30,"passed":111,"unknown":0,"total":159}},{"data":{"failed":1,"broken":18,"skipped":30,"passed":110,"unknown":0,"total":159}},{"data":{"failed":1,"broken":16,"skipped":30,"passed":112,"unknown":0,"total":159}},{"data":{"failed":3,"broken":21,"skipped":30,"passed":105,"unknown":0,"total":159}},{"data":{"failed":0,"broken":11,"skipped":30,"passed":118,"unknown":0,"total":159}},{"data":{"failed":0,"broken":9,"skipped":30,"passed":120,"unknown":0,"total":159}},{"data":{"failed":1,"broken":10,"skipped":30,"passed":118,"unknown":0,"total":159}},{"data":{"failed":0,"broken":9,"skipped":30,"passed":120,"unknown":0,"total":159}},{"data":{"failed":0,"broken":8,"skipped":30,"passed":121,"unknown":0,"total":159}},{"data":{"failed":0,"broken":9,"skipped":30,"passed":120,"unknown":0,"total":159}}]