[{"data":{"failed":0,"broken":1,"skipped":24,"passed":150,"unknown":0,"total":175}},{"data":{"failed":0,"broken":0,"skipped":24,"passed":151,"unknown":0,"total":175}},{"data":{"failed":0,"broken":0,"skipped":24,"passed":151,"unknown":0,"total":175}},{"data":{"failed":0,"broken":3,"skipped":16,"passed":104,"unknown":0,"total":123}},{"data":{"failed":0,"broken":0,"skipped":24,"passed":151,"unknown":0,"total":175}},{"data":{"failed":0,"broken":0,"skipped":24,"passed":151,"unknown":0,"total":175}},{"data":{"failed":0,"broken":0,"skipped":24,"passed":151,"unknown":0,"total":175}},{"data":{"failed":0,"broken":0,"skipped":24,"passed":151,"unknown":0,"total":175}},{"data":{"failed":0,"broken":2,"skipped":16,"passed":105,"unknown":0,"total":123}},{"data":{"failed":0,"broken":0,"skipped":24,"passed":151,"unknown":0,"total":175}},{"data":{"failed":0,"broken":79,"skipped":16,"passed":28,"unknown":0,"total":123}},{"data":{"failed":0,"broken":2,"skipped":24,"passed":149,"unknown":0,"total":175}},{"data":{"failed":0,"broken":0,"skipped":24,"passed":151,"unknown":0,"total":175}},{"data":{"failed":0,"broken":1,"skipped":24,"passed":150,"unknown":0,"total":175}},{"data":{"failed":0,"broken":2,"skipped":24,"passed":149,"unknown":0,"total":175}},{"data":{"failed":0,"broken":0,"skipped":24,"passed":151,"unknown":0,"total":175}},{"data":{"failed":0,"broken":1,"skipped":24,"passed":150,"unknown":0,"total":175}},{"data":{"failed":0,"broken":1,"skipped":24,"passed":150,"unknown":0,"total":175}},{"data":{"failed":0,"broken":1,"skipped":21,"passed":150,"unknown":0,"total":172}},{"data":{"failed":0,"broken":1,"skipped":21,"passed":150,"unknown":0,"total":172}}]