[{"data":{"failed":0,"broken":1,"skipped":42,"passed":32,"unknown":0,"total":75}},{"data":{"failed":0,"broken":0,"skipped":51,"passed":27,"unknown":0,"total":78}},{"data":{"failed":0,"broken":3,"skipped":48,"passed":27,"unknown":0,"total":78}},{"data":{"failed":0,"broken":0,"skipped":48,"passed":27,"unknown":0,"total":75}},{"data":{"failed":0,"broken":0,"skipped":48,"passed":27,"unknown":0,"total":75}},{"data":{"failed":0,"broken":0,"skipped":27,"passed":30,"unknown":0,"total":57}},{"data":{"failed":0,"broken":0,"skipped":27,"passed":30,"unknown":0,"total":57}},{"data":{"failed":0,"broken":0,"skipped":27,"passed":30,"unknown":0,"total":57}},{"data":{"failed":0,"broken":0,"skipped":27,"passed":30,"unknown":0,"total":57}},{"data":{"failed":0,"broken":0,"skipped":27,"passed":30,"unknown":0,"total":57}},{"data":{"failed":0,"broken":3,"skipped":18,"passed":27,"unknown":0,"total":48}},{"data":{"failed":0,"broken":3,"skipped":18,"passed":27,"unknown":0,"total":48}},{"data":{"failed":0,"broken":1,"skipped":18,"passed":35,"unknown":0,"total":54}},{"data":{"failed":0,"broken":0,"skipped":18,"passed":36,"unknown":0,"total":54}},{"data":{"failed":0,"broken":0,"skipped":18,"passed":36,"unknown":0,"total":54}},{"data":{"failed":0,"broken":0,"skipped":18,"passed":36,"unknown":0,"total":54}},{"data":{"failed":0,"broken":0,"skipped":18,"passed":36,"unknown":0,"total":54}},{"data":{"failed":0,"broken":0,"skipped":18,"passed":36,"unknown":0,"total":54}},{"data":{"failed":0,"broken":0,"skipped":18,"passed":36,"unknown":0,"total":54}},{"data":{"failed":0,"broken":0,"skipped":18,"passed":36,"unknown":0,"total":54}}]