{"0afc6142877ea813c158614bec4de66a":{"statistic":{"failed":0,"broken":0,"skipped":0,"passed":1,"unknown":0,"total":1},"items":[{"uid":"54c2609970db6cd2","status":"passed","time":{"start":1756466319202,"stop":1756466328821,"duration":9619}}]},"bdda86db0e54c042d3634e834ad22237":{"statistic":{"failed":0,"broken":0,"skipped":0,"passed":1,"unknown":0,"total":1},"items":[{"uid":"eccf5dc547d25b5c","status":"passed","time":{"start":1756466418270,"stop":1756466427226,"duration":8956}}]},"c130b9c2a51544ba578e8d6bd661fad8":{"statistic":{"failed":0,"broken":0,"skipped":0,"passed":1,"unknown":0,"total":1},"items":[{"uid":"dea4c565d1b8fdea","status":"passed","time":{"start":1756466354667,"stop":1756466362290,"duration":7623}}]}}