[{"data":{"failed":0,"broken":3,"skipped":14,"passed":58,"unknown":0,"total":75}},{"data":{"failed":0,"broken":3,"skipped":14,"passed":58,"unknown":0,"total":75}},{"data":{"failed":0,"broken":3,"skipped":14,"passed":58,"unknown":0,"total":75}},{"data":{"failed":0,"broken":3,"skipped":14,"passed":58,"unknown":0,"total":75}},{"data":{"failed":0,"broken":3,"skipped":14,"passed":58,"unknown":0,"total":75}},{"data":{"failed":0,"broken":3,"skipped":14,"passed":58,"unknown":0,"total":75}},{"data":{"failed":0,"broken":8,"skipped":12,"passed":55,"unknown":0,"total":75}},{"data":{"failed":1,"broken":10,"skipped":12,"passed":52,"unknown":0,"total":75}},{"data":{"failed":0,"broken":3,"skipped":43,"passed":29,"unknown":0,"total":75}},{"data":{"failed":1,"broken":1,"skipped":42,"passed":31,"unknown":0,"total":75}},{"data":{"failed":0,"broken":1,"skipped":42,"passed":32,"unknown":0,"total":75}},{"data":{"failed":0,"broken":1,"skipped":42,"passed":32,"unknown":0,"total":75}},{"data":{"failed":0,"broken":1,"skipped":42,"passed":32,"unknown":0,"total":75}},{"data":{"failed":0,"broken":1,"skipped":42,"passed":32,"unknown":0,"total":75}},{"data":{"failed":0,"broken":0,"skipped":51,"passed":27,"unknown":0,"total":78}},{"data":{"failed":0,"broken":3,"skipped":48,"passed":27,"unknown":0,"total":78}},{"data":{"failed":0,"broken":0,"skipped":48,"passed":27,"unknown":0,"total":75}},{"data":{"failed":0,"broken":0,"skipped":48,"passed":27,"unknown":0,"total":75}},{"data":{"failed":0,"broken":0,"skipped":27,"passed":30,"unknown":0,"total":57}},{"data":{"failed":0,"broken":0,"skipped":27,"passed":30,"unknown":0,"total":57}}]