[{"data":{"failed":0,"broken":0,"skipped":31,"passed":151,"unknown":0,"total":182}},{"data":{"failed":0,"broken":4,"skipped":31,"passed":147,"unknown":0,"total":182}},{"data":{"failed":0,"broken":3,"skipped":31,"passed":148,"unknown":0,"total":182}},{"data":{"failed":0,"broken":2,"skipped":31,"passed":149,"unknown":0,"total":182}},{"data":{"failed":0,"broken":2,"skipped":31,"passed":149,"unknown":0,"total":182}},{"data":{"failed":0,"broken":3,"skipped":31,"passed":148,"unknown":0,"total":182}},{"data":{"failed":0,"broken":0,"skipped":31,"passed":151,"unknown":0,"total":182}},{"data":{"failed":6,"broken":0,"skipped":31,"passed":145,"unknown":0,"total":182}},{"data":{"failed":0,"broken":1,"skipped":31,"passed":150,"unknown":0,"total":182}},{"data":{"failed":0,"broken":7,"skipped":23,"passed":122,"unknown":0,"total":152}},{"data":{"failed":0,"broken":1,"skipped":24,"passed":150,"unknown":0,"total":175}},{"data":{"failed":0,"broken":2,"skipped":16,"passed":105,"unknown":0,"total":123}},{"data":{"failed":0,"broken":5,"skipped":16,"passed":102,"unknown":0,"total":123}},{"data":{"failed":0,"broken":6,"skipped":16,"passed":101,"unknown":0,"total":123}},{"data":{"failed":0,"broken":3,"skipped":16,"passed":104,"unknown":0,"total":123}},{"data":{"failed":0,"broken":1,"skipped":24,"passed":150,"unknown":0,"total":175}},{"data":{"failed":0,"broken":3,"skipped":16,"passed":104,"unknown":0,"total":123}},{"data":{"failed":0,"broken":4,"skipped":16,"passed":103,"unknown":0,"total":123}},{"data":{"failed":0,"broken":1,"skipped":24,"passed":150,"unknown":0,"total":175}},{"data":{"failed":0,"broken":0,"skipped":24,"passed":151,"unknown":0,"total":175}}]