{"0afc6142877ea813c158614bec4de66a":{"statistic":{"failed":0,"broken":0,"skipped":0,"passed":2,"unknown":0,"total":2},"items":[{"uid":"ad54dcdef33287fc","status":"passed","time":{"start":1756466667944,"stop":1756466676088,"duration":8144}},{"uid":"54c2609970db6cd2","status":"passed","time":{"start":1756466319202,"stop":1756466328821,"duration":9619}}]},"c130b9c2a51544ba578e8d6bd661fad8":{"statistic":{"failed":0,"broken":0,"skipped":0,"passed":2,"unknown":0,"total":2},"items":[{"uid":"7e152ad90add80b","status":"passed","time":{"start":1756466686688,"stop":1756466693358,"duration":6670}},{"uid":"dea4c565d1b8fdea","status":"passed","time":{"start":1756466354667,"stop":1756466362290,"duration":7623}}]},"bdda86db0e54c042d3634e834ad22237":{"statistic":{"failed":0,"broken":0,"skipped":0,"passed":2,"unknown":0,"total":2},"items":[{"uid":"1ab9e2bdf4cb017c","status":"passed","time":{"start":1756466748824,"stop":1756466758192,"duration":9368}},{"uid":"eccf5dc547d25b5c","status":"passed","time":{"start":1756466418270,"stop":1756466427226,"duration":8956}}]}}