[{"data":{"run":123,"retry":6}},{"data":{"run":175,"retry":6}},{"data":{"run":175,"retry":6}},{"data":{"run":175,"retry":8}},{"data":{"run":175,"retry":7}},{"data":{"run":123,"retry":3}},{"data":{"run":175,"retry":9}},{"data":{"run":123,"retry":110}},{"data":{"run":175,"retry":10}},{"data":{"run":175,"retry":6}},{"data":{"run":175,"retry":9}},{"data":{"run":175,"retry":12}},{"data":{"run":175,"retry":7}},{"data":{"run":175,"retry":6}},{"data":{"run":175,"retry":7}},{"data":{"run":172,"retry":3}},{"data":{"run":172,"retry":6}},{"data":{"run":149,"retry":2}},{"data":{"run":172,"retry":7}},{"data":{"run":172,"retry":5}}]