[{"data":{"run":228,"retry":10}},{"data":{"run":228,"retry":11}},{"data":{"run":228,"retry":13}},{"data":{"run":228,"retry":12}},{"data":{"run":228,"retry":17}},{"data":{"run":228,"retry":15}},{"data":{"run":228,"retry":15}},{"data":{"run":163,"retry":19}},{"data":{"run":163,"retry":19}},{"data":{"run":163,"retry":17}},{"data":{"run":163,"retry":8}},{"data":{"run":159,"retry":25}},{"data":{"run":159,"retry":34}},{"data":{"run":159,"retry":26}},{"data":{"run":159,"retry":43}},{"data":{"run":159,"retry":20}},{"data":{"run":159,"retry":19}},{"data":{"run":159,"retry":23}},{"data":{"run":159,"retry":21}},{"data":{"run":159,"retry":17}}]