[{"data":{"run":77,"retry":0}},{"data":{"run":73,"retry":1}},{"data":{"run":73,"retry":0}},{"data":{"run":73,"retry":0}},{"data":{"run":73,"retry":0}},{"data":{"run":73,"retry":0}},{"data":{"run":73,"retry":0}},{"data":{"run":73,"retry":0}},{"data":{"run":73,"retry":0}},{"data":{"run":72,"retry":1}},{"data":{"run":72,"retry":0}},{"data":{"run":75,"retry":0}},{"data":{"run":50,"retry":0}},{"data":{"run":50,"retry":0}},{"data":{"run":75,"retry":0}},{"data":{"run":75,"retry":0}},{"data":{"run":75,"retry":0}},{"data":{"run":75,"retry":0}},{"data":{"run":75,"retry":0}},{"data":{"run":75,"retry":0}}]