[{"data":{"run":54,"retry":0}},{"data":{"run":54,"retry":0}},{"data":{"run":54,"retry":0}},{"data":{"run":48,"retry":0}},{"data":{"run":48,"retry":0}},{"data":{"run":48,"retry":0}},{"data":{"run":48,"retry":0}},{"data":{"run":48,"retry":0}},{"data":{"run":48,"retry":0}},{"data":{"run":48,"retry":0}},{"data":{"run":36,"retry":0}},{"data":{"run":36,"retry":0}},{"data":{"run":36,"retry":0}},{"data":{"run":33,"retry":0}},{"data":{"run":33,"retry":0}},{"data":{"run":33,"retry":0}},{"data":{"run":33,"retry":0}},{"data":{"run":33,"retry":0}},{"data":{"run":33,"retry":0}},{"data":{"run":33,"retry":0}}]