[{"data":{"run":75,"retry":0}},{"data":{"run":75,"retry":0}},{"data":{"run":75,"retry":0}},{"data":{"run":75,"retry":0}},{"data":{"run":75,"retry":0}},{"data":{"run":75,"retry":0}},{"data":{"run":75,"retry":0}},{"data":{"run":75,"retry":0}},{"data":{"run":75,"retry":0}},{"data":{"run":75,"retry":0}},{"data":{"run":75,"retry":0}},{"data":{"run":75,"retry":0}},{"data":{"run":75,"retry":0}},{"data":{"run":78,"retry":0}},{"data":{"run":78,"retry":0}},{"data":{"run":75,"retry":0}},{"data":{"run":75,"retry":0}},{"data":{"run":57,"retry":0}},{"data":{"run":57,"retry":0}},{"data":{"run":57,"retry":0}}]