[{"data":{"run":57,"retry":0}},{"data":{"run":57,"retry":0}},{"data":{"run":57,"retry":0}},{"data":{"run":57,"retry":0}},{"data":{"run":48,"retry":0}},{"data":{"run":48,"retry":0}},{"data":{"run":54,"retry":0}},{"data":{"run":54,"retry":0}},{"data":{"run":54,"retry":0}},{"data":{"run":54,"retry":0}},{"data":{"run":54,"retry":0}},{"data":{"run":54,"retry":0}},{"data":{"run":54,"retry":0}},{"data":{"run":54,"retry":0}},{"data":{"run":54,"retry":0}},{"data":{"run":54,"retry":0}},{"data":{"run":54,"retry":0}},{"data":{"run":54,"retry":0}},{"data":{"run":54,"retry":0}},{"data":{"run":54,"retry":0}}]