[{"data":{"run":175,"retry":6}},{"data":{"run":175,"retry":7}},{"data":{"run":175,"retry":7}},{"data":{"run":175,"retry":11}},{"data":{"run":175,"retry":6}},{"data":{"run":175,"retry":8}},{"data":{"run":175,"retry":11}},{"data":{"run":175,"retry":9}},{"data":{"run":175,"retry":7}},{"data":{"run":175,"retry":7}},{"data":{"run":123,"retry":6}},{"data":{"run":175,"retry":6}},{"data":{"run":175,"retry":6}},{"data":{"run":175,"retry":8}},{"data":{"run":175,"retry":7}},{"data":{"run":123,"retry":3}},{"data":{"run":175,"retry":9}},{"data":{"run":123,"retry":110}},{"data":{"run":175,"retry":10}},{"data":{"run":175,"retry":6}}]