[{"data":{"run":182,"retry":18}},{"data":{"run":182,"retry":22}},{"data":{"run":182,"retry":19}},{"data":{"run":182,"retry":14}},{"data":{"run":182,"retry":32}},{"data":{"run":182,"retry":19}},{"data":{"run":152,"retry":9}},{"data":{"run":175,"retry":12}},{"data":{"run":123,"retry":9}},{"data":{"run":123,"retry":10}},{"data":{"run":123,"retry":6}},{"data":{"run":123,"retry":9}},{"data":{"run":175,"retry":9}},{"data":{"run":123,"retry":8}},{"data":{"run":123,"retry":8}},{"data":{"run":175,"retry":7}},{"data":{"run":175,"retry":7}},{"data":{"run":175,"retry":11}},{"data":{"run":175,"retry":7}},{"data":{"run":175,"retry":8}}]