[{"data":{"run":149,"retry":1}},{"data":{"run":149,"retry":3}},{"data":{"run":172,"retry":4}},{"data":{"run":149,"retry":1}},{"data":{"run":88,"retry":5}},{"data":{"run":88,"retry":3}},{"data":{"run":95,"retry":10}},{"data":{"run":95,"retry":10}},{"data":{"run":87,"retry":1}},{"data":{"run":95,"retry":10}},{"data":{"run":77,"retry":0}},{"data":{"run":77,"retry":0}},{"data":{"run":77,"retry":0}},{"data":{"run":73,"retry":1}},{"data":{"run":73,"retry":0}},{"data":{"run":73,"retry":0}},{"data":{"run":73,"retry":0}},{"data":{"run":73,"retry":0}},{"data":{"run":73,"retry":0}},{"data":{"run":73,"retry":0}}]