[{"data":{"run":159,"retry":23}},{"data":{"run":159,"retry":21}},{"data":{"run":159,"retry":17}},{"data":{"run":159,"retry":18}},{"data":{"run":182,"retry":21}},{"data":{"run":182,"retry":14}},{"data":{"run":182,"retry":15}},{"data":{"run":182,"retry":21}},{"data":{"run":182,"retry":21}},{"data":{"run":182,"retry":18}},{"data":{"run":182,"retry":22}},{"data":{"run":182,"retry":19}},{"data":{"run":182,"retry":14}},{"data":{"run":182,"retry":32}},{"data":{"run":182,"retry":19}},{"data":{"run":152,"retry":9}},{"data":{"run":175,"retry":12}},{"data":{"run":123,"retry":9}},{"data":{"run":123,"retry":10}},{"data":{"run":123,"retry":6}}]