[{"data":{"run":175,"retry":6}},{"data":{"run":175,"retry":7}},{"data":{"run":172,"retry":3}},{"data":{"run":172,"retry":6}},{"data":{"run":149,"retry":2}},{"data":{"run":172,"retry":7}},{"data":{"run":172,"retry":5}},{"data":{"run":172,"retry":7}},{"data":{"run":172,"retry":6}},{"data":{"run":172,"retry":6}},{"data":{"run":172,"retry":4}},{"data":{"run":172,"retry":4}},{"data":{"run":172,"retry":7}},{"data":{"run":172,"retry":7}},{"data":{"run":172,"retry":4}},{"data":{"run":149,"retry":1}},{"data":{"run":149,"retry":1}},{"data":{"run":149,"retry":3}},{"data":{"run":172,"retry":4}},{"data":{"run":149,"retry":1}}]