"Status","Start Time","Stop Time","Duration in ms","Parent Suite","Suite","Sub Suite","Test Class","Test Method","Name","Description"
"passed","Fri Oct 02 14:28:07 UTC 2026","Fri Oct 02 14:28:31 UTC 2026","24314","tests.ui.qube.arisha","test_arisha_apartment_widget","","","","test_arisha_apartment_information[firefox-map]","Тест проверки информации об апартаменте Arisha на всех роутах."
"passed","Fri Oct 02 14:44:27 UTC 2026","Fri Oct 02 14:44:37 UTC 2026","10576","tests.ui.qube.arisha","test_arisha_explore_amenities","","","","test_arisha_explore_amenities[chromium-agent]","Тест Explore Amenities для проекта Arisha на всех роутах."
"broken","Fri Oct 02 14:37:37 UTC 2026","Fri Oct 02 14:38:10 UTC 2026","33441","tests.ui.qube.arisha","test_arisha_building_floor_apartment_navigation","","","","test_arisha_building_floor_apartment_navigation[firefox-agent]","Тест навигации по зданиям, этажам и апартаментам проекта Arisha на всех роутах."
"passed","Fri Oct 02 14:28:20 UTC 2026","Fri Oct 02 14:28:29 UTC 2026","9025","tests.ui.qube.arisha","test_arisha_360_area_tour","","","","test_arisha_360_area_tour[chromium-map]","Тест 360 Area Tour для проекта Arisha на всех роутах."
"passed","Fri Oct 02 14:36:22 UTC 2026","Fri Oct 02 14:36:31 UTC 2026","9131","tests.ui.vibe.arsenal","test_arsenal_catalog_navigation","","","","test_arsenal_catalog_navigation[webkit]","Тест перехода в каталог квартир для проекта Arsenal."
"passed","Fri Oct 02 14:42:50 UTC 2026","Fri Oct 02 14:42:56 UTC 2026","6312","tests.ui.lsr.mark","test_mark_360_area_tour","","","","test_mark_360_area_tour[webkit-yard]","Тест 360 Area Tour для проекта MARK с разными типами панорам."
"broken","Fri Oct 02 14:31:07 UTC 2026","Fri Oct 02 14:31:32 UTC 2026","25666","tests.ui.qube.arisha","test_arisha_building_floor_apartment_navigation","","","","test_arisha_building_floor_apartment_navigation[webkit-map]","Тест навигации по зданиям, этажам и апартаментам проекта Arisha на всех роутах."
"passed","Fri Oct 02 14:42:21 UTC 2026","Fri Oct 02 14:42:27 UTC 2026","5577","tests.ui.lsr.mark","test_mark_360_area_tour","","","","test_mark_360_area_tour[firefox-lobby-k2]","Тест 360 Area Tour для проекта MARK с разными типами панорам."
"passed","Fri Oct 02 14:48:44 UTC 2026","Fri Oct 02 14:48:54 UTC 2026","10035","tests.ui.qube","test_qube_map_projects","TestQubeMapProjects","","","test_full_navigation_cycle_on_map[chromium-cubix]","Тест полного цикла навигации: карта -> проект -> карта."
"passed","Fri Oct 02 14:35:45 UTC 2026","Fri Oct 02 14:35:54 UTC 2026","8692","tests.ui.qube.cubix","test_cubix_explore_amenities","","","","test_cubix_explore_amenities[chromium-map]","Тест Explore Amenities для проекта Cubix на всех роутах."
"skipped","Fri Oct 02 14:36:43 UTC 2026","Fri Oct 02 14:36:43 UTC 2026","1","tests.ui.qube","test_qube_map_projects","TestQubeMapProjects","","","test_arisha_map_poi[chromium]","Тест кастомного POI на карте"
"passed","Fri Oct 02 14:34:25 UTC 2026","Fri Oct 02 14:34:33 UTC 2026","7160","tests.ui.vibe.arsenal","test_arsenal_catalog_navigation","","","","test_arsenal_catalog_navigation[firefox]","Тест перехода в каталог квартир для проекта Arsenal."
"passed","Fri Oct 02 14:45:55 UTC 2026","Fri Oct 02 14:46:07 UTC 2026","11738","tests.ui.qube","test_qube_map_projects","TestQubeMapProjects","","","test_full_navigation_cycle_on_map[webkit-cubix]","Тест полного цикла навигации: карта -> проект -> карта."
"passed","Fri Oct 02 14:36:56 UTC 2026","Fri Oct 02 14:37:05 UTC 2026","9068","tests.ui.abra.willows_residences","test_willows_residences_explore_amenities","","","","test_willows_residences_explore_amenities[webkit]","Тест Explore Amenities для проекта Willows Residences."
"passed","Fri Oct 02 14:48:22 UTC 2026","Fri Oct 02 14:48:34 UTC 2026","11781","tests.ui.qube.elire","test_elire_building_floor_apartment_navigation","","","","test_elire_building_floor_apartment_navigation[chromium-client]","Тест навигации по зданиям, этажам и апартаментам проекта Elire на всех роутах."
"passed","Fri Oct 02 14:36:01 UTC 2026","Fri Oct 02 14:36:26 UTC 2026","24626","tests.ui.qube.arisha","test_arisha_apartment_widget","","","","test_arisha_apartment_information[firefox-agent]","Тест проверки информации об апартаменте Arisha на всех роутах."
"skipped","Fri Oct 02 15:08:21 UTC 2026","Fri Oct 02 15:08:21 UTC 2026","0","tests.ui.mobile.vibe.arsenal","test_arsenal_mobile_explore_amenities","","","","test_arsenal_mobile_explore_amenities[chromium]","Тест Explore Amenities для проекта Arsenal на мобильном устройстве."
"passed","Fri Oct 02 14:59:45 UTC 2026","Fri Oct 02 14:59:49 UTC 2026","4078","tests.ui.mobile.qube.arisha","test_arisha_mobile_360_area_tour","","","","test_arisha_mobile_360_area_tour[chromium-client]","Тест 360 Area Tour для проекта Arisha на мобильном устройстве на всех роутах."
"passed","Fri Oct 02 14:42:37 UTC 2026","Fri Oct 02 14:42:49 UTC 2026","12456","tests.ui.qube","test_qube_map_projects","TestQubeMapProjects","","","test_full_navigation_cycle_on_map[webkit-elire]","Тест полного цикла навигации: карта -> проект -> карта."
"skipped","Fri Oct 02 15:08:00 UTC 2026","Fri Oct 02 15:08:00 UTC 2026","0","tests.ui.mobile.qube.cubix","test_cubix_mobile_explore_amenities","","","","test_cubix_mobile_explore_amenities[chromium-map]","Тест Explore Amenities для проекта Cubix на мобильном устройстве на всех роутах."
"passed","Fri Oct 02 14:39:23 UTC 2026","Fri Oct 02 14:39:37 UTC 2026","13863","tests.ui.abra.willows_residences","test_willows_residences_apartment_info","","","","test_willows_residences_apartment_info[chromium]","Тест отображения информации об аппарте для проекта Willows Residences."
"passed","Fri Oct 02 14:46:14 UTC 2026","Fri Oct 02 14:46:20 UTC 2026","5994","tests.ui.lsr.mark","test_mark_360_area_tour","","","","test_mark_360_area_tour[webkit-lobby-k2]","Тест 360 Area Tour для проекта MARK с разными типами панорам."
"passed","Fri Oct 02 14:42:14 UTC 2026","Fri Oct 02 14:42:21 UTC 2026","6669","tests.ui.lsr.mark","test_mark_360_area_tour","","","","test_mark_360_area_tour[firefox-lobby-k1]","Тест 360 Area Tour для проекта MARK с разными типами панорам."
"failed","Fri Oct 02 15:11:45 UTC 2026","Fri Oct 02 15:11:55 UTC 2026","10038","tests.ui.mobile.qube.arisha","test_arisha_mobile_building_navigation","TestArishaMobileBuildingNavigation","","","test_arisha_mobile_building_floor_apartment_navigation[chromium-client]","Тест полной навигации по зданию, этажу и квартире на мобильном устройстве на всех роутах."
"skipped","Fri Oct 02 14:32:28 UTC 2026","Fri Oct 02 14:32:28 UTC 2026","0","tests.ui.qube","test_qube_map_projects","TestQubeMapProjects","","","test_arisha_map_poi[firefox]","Тест кастомного POI на карте"
"skipped","Fri Oct 02 14:39:45 UTC 2026","Fri Oct 02 14:39:53 UTC 2026","7335","tests.ui.abra.willows_residences","test_willows_residences_pagination","","","","test_willows_residences_catalog_pagination[chromium]","Тест пагинации каталога аппартов для проекта Willows Residences."
"passed","Fri Oct 02 14:35:54 UTC 2026","Fri Oct 02 14:36:06 UTC 2026","12628","tests.ui.qube.elire","test_elire_building_floor_apartment_navigation","","","","test_elire_building_floor_apartment_navigation[chromium-map]","Тест навигации по зданиям, этажам и апартаментам проекта Elire на всех роутах."
"skipped","Fri Oct 02 15:11:00 UTC 2026","Fri Oct 02 15:11:00 UTC 2026","0","tests.ui.mobile.qube.cubix","test_cubix_mobile_explore_amenities","","","","test_cubix_mobile_explore_amenities[chromium-agent]","Тест Explore Amenities для проекта Cubix на мобильном устройстве на всех роутах."
"failed","Fri Oct 02 14:35:23 UTC 2026","Fri Oct 02 14:35:44 UTC 2026","20926","tests.ui.qube.cubix","test_cubix_agent_route","","","","test_cubix_download_pdf_on_agent_page[chromium]","Тест скачивания PDF на агентской странице проекта Cubix."
"passed","Fri Oct 02 14:36:30 UTC 2026","Fri Oct 02 14:36:34 UTC 2026","3406","tests.ui.qube","test_qube_map_projects","TestQubeMapProjects","","","test_project_navigation_on_map[chromium-elire]","Тест навигации по проектам."
"skipped","Fri Oct 02 15:11:00 UTC 2026","Fri Oct 02 15:11:00 UTC 2026","0","tests.ui.mobile.qube.arisha","test_arisha_mobile_explore_amenities","","","","test_arisha_mobile_explore_amenities[chromium-agent]","Тест Explore Amenities для проекта Arisha на мобильном устройстве на всех роутах."
"passed","Fri Oct 02 14:33:28 UTC 2026","Fri Oct 02 14:33:36 UTC 2026","8466","tests.ui.qube.elire","test_elire_explore_amenities","","","","test_elire_explore_amenities[webkit-map]","Тест Explore Amenities для проекта Elire на всех роутах."
"passed","Fri Oct 02 14:41:30 UTC 2026","Fri Oct 02 14:41:41 UTC 2026","11092","tests.ui.qube.arisha","test_arisha_explore_amenities","","","","test_arisha_explore_amenities[firefox-client]","Тест Explore Amenities для проекта Arisha на всех роутах."
"failed","Fri Oct 02 14:27:21 UTC 2026","Fri Oct 02 14:28:01 UTC 2026","39470","tests.ui.qube.arisha","test_arisha_agent_route","","","","test_arisha_download_pdf_on_agent_page[webkit]","Тест скачивания PDF на агентской странице проекта Arisha."
"broken","Fri Oct 02 14:38:08 UTC 2026","Fri Oct 02 14:38:26 UTC 2026","17804","tests.ui.lsr.mark","test_mark_building_floor_apartment_navigation","","","","test_mark_building_floor_apartment_navigation[chromium]","Тест навигации по зданиям, этажам и апартаментам проекта MARK."
"skipped","Fri Oct 02 14:32:28 UTC 2026","Fri Oct 02 14:32:28 UTC 2026","0","tests.ui.wellcube.tranquil","test_tranquil_download_pdf","","","","test_tranquil_download_ownership_offer[firefox]","Тест скачивания PDF на проекте Tranquil."
"passed","Fri Oct 02 14:38:58 UTC 2026","Fri Oct 02 14:39:12 UTC 2026","14031","tests.ui.vibe.arsenal","test_arsenal_catalog_navigation","","","","test_arsenal_catalog_navigation[chromium]","Тест перехода в каталог квартир для проекта Arsenal."
"passed","Fri Oct 02 14:42:03 UTC 2026","Fri Oct 02 14:42:10 UTC 2026","7058","tests.ui.qube.elire","test_elire_explore_amenities","","","","test_elire_explore_amenities[firefox-client]","Тест Explore Amenities для проекта Elire на всех роутах."
"passed","Fri Oct 02 15:12:06 UTC 2026","Fri Oct 02 15:12:11 UTC 2026","5654","tests.ui.mobile.lsr.mark","test_mark_mobile_360_area_tour","","","","test_mark_mobile_360_area_tour[chromium-lobby-k3]","Тест 360 Area Tour для MARK на мобильном устройстве с разными типами панорам."
"skipped","Fri Oct 02 15:08:00 UTC 2026","Fri Oct 02 15:08:00 UTC 2026","0","tests.ui.mobile.qube.cubix","test_cubix_mobile_client_route","","","","test_cubix_mobile_client_route[chromium]","Тест клиентского роута для проекта Cubix на мобильном устройстве."
"passed","Fri Oct 02 14:49:28 UTC 2026","Fri Oct 02 14:49:36 UTC 2026","8469","tests.ui.mobile.abra.willows_residences","test_willows_residences_mobile_view_brochures","","","","test_willows_residences_mobile_view_brochures[chromium]","Тест View Brochures для проекта Willows Residences на мобильном устройстве - проверка открытия Google таблицы."
"broken","Fri Oct 02 14:29:09 UTC 2026","Fri Oct 02 14:29:39 UTC 2026","29994","tests.ui.qube.arisha","test_arisha_apartment_widget","","","","test_arisha_apartment_widget_full_functionality[webkit-map]","Тест полного функционала виджета апартамента Arisha на всех роутах."
"passed","Fri Oct 02 14:53:15 UTC 2026","Fri Oct 02 14:53:19 UTC 2026","4892","tests.ui.mobile.qube.arisha","test_arisha_mobile_360_area_tour","","","","test_arisha_mobile_360_area_tour[chromium-map]","Тест 360 Area Tour для проекта Arisha на мобильном устройстве на всех роутах."
"passed","Fri Oct 02 14:39:53 UTC 2026","Fri Oct 02 14:40:06 UTC 2026","12818","tests.ui.abra.willows_residences","test_willows_residences_view_brochures","","","","test_willows_residences_view_brochures[chromium]","Тест View Brochures для проекта Willows Residences - проверка открытия Google таблицы."
"passed","Fri Oct 02 14:37:43 UTC 2026","Fri Oct 02 14:37:55 UTC 2026","11978","tests.ui.msg.edgewater","test_edgewater_explore_amenities","","","","test_edgewater_explore_amenities[webkit]","Тест Explore Amenities для проекта Edgewater на мобильном устройстве."
"failed","Fri Oct 02 14:53:19 UTC 2026","Fri Oct 02 14:53:39 UTC 2026","19239","tests.ui.mobile.qube.arisha","test_arisha_mobile_agent_route","TestArishaMobileAgentRoute","","","test_arisha_mobile_download_pdf_on_catalog_page[chromium]","Тест скачивания PDF на странице каталога Arisha на мобильном устройстве."
"broken","Fri Oct 02 14:42:00 UTC 2026","Fri Oct 02 14:42:28 UTC 2026","27639","tests.ui.qube.arisha","test_arisha_apartment_widget","","","","test_arisha_apartment_widget_full_functionality[chromium-agent]","Тест полного функционала виджета апартамента Arisha на всех роутах."
"broken","Fri Oct 02 14:33:52 UTC 2026","Fri Oct 02 14:34:16 UTC 2026","24542","tests.ui.qube.arisha","test_arisha_building_floor_apartment_navigation","","","","test_arisha_building_floor_apartment_navigation[chromium-map]","Тест навигации по зданиям, этажам и апартаментам проекта Arisha на всех роутах."
"broken","Fri Oct 02 14:40:35 UTC 2026","Fri Oct 02 14:40:42 UTC 2026","6975","tests.ui.msg.edgewater","test_edgewater_payment_plan","","","","test_edgewater_payment_plan[chromium]","Тест Payment Plan для проекта Edgewater."
"skipped","Fri Oct 02 14:37:06 UTC 2026","Fri Oct 02 14:37:18 UTC 2026","12262","tests.ui.abra.willows_residences","test_willows_residences_pagination","","","","test_willows_residences_catalog_pagination[webkit]","Тест пагинации каталога аппартов для проекта Willows Residences."
"skipped","Fri Oct 02 15:08:21 UTC 2026","Fri Oct 02 15:08:21 UTC 2026","0","tests.ui.mobile.wellcube.tranquil","test_tranquil_mobile_download_pdf","","","","test_tranquil_mobile_download_ownership_offer[chromium]","Тест скачивания PDF на проекте Tranquil на мобильном устройстве."
"passed","Fri Oct 02 14:46:08 UTC 2026","Fri Oct 02 14:46:27 UTC 2026","19226","tests.ui.qube.arisha","test_arisha_apartment_widget","","","","test_arisha_apartment_information[chromium-client]","Тест проверки информации об апартаменте Arisha на всех роутах."
"passed","Fri Oct 02 14:32:19 UTC 2026","Fri Oct 02 14:32:23 UTC 2026","4211","tests.ui.qube","test_qube_map_projects","TestQubeMapProjects","","","test_map_page_loads[firefox]","Тест загрузки страницы карты."
"skipped","Fri Oct 02 15:08:21 UTC 2026","Fri Oct 02 15:08:21 UTC 2026","0","tests.ui.mobile.wellcube.tranquil","test_tranquil_mobile_explore_amenities","","","","test_tranquil_mobile_explore_amenities[chromium]","Тест Explore Amenities для проекта Tranquil на мобильном устройстве."
"passed","Fri Oct 02 15:08:01 UTC 2026","Fri Oct 02 15:08:10 UTC 2026","9472","tests.ui.mobile.qube.elire","test_elire_mobile_building_floor_apartment_navigation","","","","test_elire_mobile_building_floor_apartment_navigation[chromium-map]","Тест навигации по зданиям, этажам и апартаментам проекта Elire на мобильном устройстве на всех роутах."
"broken","Fri Oct 02 14:35:46 UTC 2026","Fri Oct 02 14:35:54 UTC 2026","8023","tests.ui.msg.edgewater","test_edgewater_payment_plan","","","","test_edgewater_payment_plan[firefox]","Тест Payment Plan для проекта Edgewater."
"broken","Fri Oct 02 14:33:41 UTC 2026","Fri Oct 02 14:33:56 UTC 2026","14886","tests.ui.lsr.mark","test_mark_building_floor_apartment_navigation","","","","test_mark_building_floor_apartment_navigation[firefox]","Тест навигации по зданиям, этажам и апартаментам проекта MARK."
"passed","Fri Oct 02 14:38:06 UTC 2026","Fri Oct 02 14:38:12 UTC 2026","6385","tests.ui.qube.arisha","test_arisha_360_area_tour","","","","test_arisha_360_area_tour[webkit-agent]","Тест 360 Area Tour для проекта Arisha на всех роутах."
"passed","Fri Oct 02 15:08:21 UTC 2026","Fri Oct 02 15:08:27 UTC 2026","5802","tests.ui.mobile.lsr.mark","test_mark_mobile_360_area_tour","","","","test_mark_mobile_360_area_tour[chromium-lobby-k1]","Тест 360 Area Tour для MARK на мобильном устройстве с разными типами панорам."
"passed","Fri Oct 02 14:42:12 UTC 2026","Fri Oct 02 14:42:20 UTC 2026","8118","tests.ui.qube.elire","test_elire_explore_amenities","","","","test_elire_explore_amenities[webkit-agent]","Тест Explore Amenities для проекта Elire на всех роутах."
"failed","Fri Oct 02 15:00:15 UTC 2026","Fri Oct 02 15:00:26 UTC 2026","10675","tests.ui.mobile.qube.arisha","test_arisha_mobile_building_navigation","TestArishaMobileBuildingNavigation","","","test_arisha_mobile_building_floor_apartment_navigation[chromium-client]","Тест полной навигации по зданию, этажу и квартире на мобильном устройстве на всех роутах."
"passed","Fri Oct 02 15:04:00 UTC 2026","Fri Oct 02 15:04:25 UTC 2026","24584","tests.ui.mobile.lsr.mark","test_mark_mobile_download_pdf","","","","test_mark_mobile_download_pdf[chromium]","Тест скачивания PDF для проекта MARK на мобильном устройстве."
"passed","Fri Oct 02 14:37:18 UTC 2026","Fri Oct 02 14:37:30 UTC 2026","11537","tests.ui.abra.willows_residences","test_willows_residences_view_brochures","","","","test_willows_residences_view_brochures[webkit]","Тест View Brochures для проекта Willows Residences - проверка открытия Google таблицы."
"passed","Fri Oct 02 14:40:43 UTC 2026","Fri Oct 02 14:40:49 UTC 2026","6263","tests.ui.qube.arisha","test_arisha_360_area_tour","","","","test_arisha_360_area_tour[chromium-agent]","Тест 360 Area Tour для проекта Arisha на всех роутах."
"passed","Fri Oct 02 14:41:42 UTC 2026","Fri Oct 02 14:41:51 UTC 2026","9409","tests.ui.qube.cubix","test_cubix_explore_amenities","","","","test_cubix_explore_amenities[firefox-client]","Тест Explore Amenities для проекта Cubix на всех роутах."
"passed","Fri Oct 02 14:39:14 UTC 2026","Fri Oct 02 14:39:20 UTC 2026","6391","tests.ui.qube.arisha","test_arisha_360_area_tour","","","","test_arisha_360_area_tour[firefox-client]","Тест 360 Area Tour для проекта Arisha на всех роутах."
"passed","Fri Oct 02 14:33:52 UTC 2026","Fri Oct 02 14:33:57 UTC 2026","5631","tests.ui.qube","test_qube_map_projects","TestQubeMapProjects","","","test_map_page_loads[webkit]","Тест загрузки страницы карты."
"passed","Fri Oct 02 14:35:54 UTC 2026","Fri Oct 02 14:36:01 UTC 2026","6536","tests.ui.qube.arisha","test_arisha_360_area_tour","","","","test_arisha_360_area_tour[firefox-agent]","Тест 360 Area Tour для проекта Arisha на всех роутах."
"passed","Fri Oct 02 14:43:04 UTC 2026","Fri Oct 02 14:43:27 UTC 2026","22998","tests.ui.qube.arisha","test_arisha_apartment_widget","","","","test_arisha_apartment_widget_full_functionality[webkit-client]","Тест полного функционала виджета апартамента Arisha на всех роутах."
"broken","Fri Oct 02 14:35:32 UTC 2026","Fri Oct 02 14:35:49 UTC 2026","16203","tests.ui.lsr.mark","test_mark_building_floor_apartment_navigation","","","","test_mark_building_floor_apartment_navigation[webkit]","Тест навигации по зданиям, этажам и апартаментам проекта MARK."
"skipped","Fri Oct 02 15:08:10 UTC 2026","Fri Oct 02 15:08:10 UTC 2026","0","tests.ui.mobile.qube.elire","test_elire_mobile_explore_amenities","","","","test_elire_mobile_explore_amenities[chromium-map]","Тест Explore Amenities для проекта Elire на всех роутах."
"passed","Fri Oct 02 14:35:13 UTC 2026","Fri Oct 02 14:35:23 UTC 2026","9783","tests.ui.abra.willows_residences","test_willows_residences_view_brochures","","","","test_willows_residences_view_brochures[firefox]","Тест View Brochures для проекта Willows Residences - проверка открытия Google таблицы."
"passed","Fri Oct 02 15:11:10 UTC 2026","Fri Oct 02 15:11:16 UTC 2026","6139","tests.ui.mobile.lsr.mark","test_mark_mobile_360_area_tour","","","","test_mark_mobile_360_area_tour[chromium-lobby-k2]","Тест 360 Area Tour для MARK на мобильном устройстве с разными типами панорам."
"skipped","Fri Oct 02 14:34:14 UTC 2026","Fri Oct 02 14:34:14 UTC 2026","0","tests.ui.qube","test_qube_map_projects","TestQubeMapProjects","","","test_arisha_map_poi[webkit]","Тест кастомного POI на карте"
"skipped","Fri Oct 02 14:39:07 UTC 2026","Fri Oct 02 14:39:07 UTC 2026","0","tests.ui.qube","test_qube_map_projects","TestQubeMapProjects","","","test_full_navigation_cycle_on_map[firefox-elire]","Тест полного цикла навигации: карта -> проект -> карта."
"passed","Fri Oct 02 14:34:33 UTC 2026","Fri Oct 02 14:34:44 UTC 2026","11211","tests.ui.vibe.arsenal","test_arsenal_explore_amenities","","","","test_arsenal_explore_amenities[firefox]","Тест Explore Amenities для проекта Arsenal (без routes, только map)."
"passed","Fri Oct 02 14:49:07 UTC 2026","Fri Oct 02 14:49:12 UTC 2026","5453","tests.ui.lsr.mark","test_mark_360_area_tour","","","","test_mark_360_area_tour[chromium-lobby-k3]","Тест 360 Area Tour для проекта MARK с разными типами панорам."
"passed","Fri Oct 02 14:45:18 UTC 2026","Fri Oct 02 14:45:27 UTC 2026","9657","tests.ui.qube.cubix","test_cubix_explore_amenities","","","","test_cubix_explore_amenities[webkit-client]","Тест Explore Amenities для проекта Cubix на всех роутах."
"skipped","Fri Oct 02 14:36:06 UTC 2026","Fri Oct 02 14:36:06 UTC 2026","0","tests.ui.qube.elire","test_elire_client_route","","","","test_elire_request_viewing_form[chromium]","Тест формы Request Viewing"
"passed","Fri Oct 02 15:00:26 UTC 2026","Fri Oct 02 15:00:36 UTC 2026","9544","tests.ui.mobile.qube.elire","test_elire_mobile_building_floor_apartment_navigation","","","","test_elire_mobile_building_floor_apartment_navigation[chromium-client]","Тест навигации по зданиям, этажам и апартаментам проекта Elire на мобильном устройстве на всех роутах."
"passed","Fri Oct 02 14:56:40 UTC 2026","Fri Oct 02 14:56:46 UTC 2026","6962","tests.ui.mobile.vibe.arsenal","test_arsenal_mobile_catalog_navigation","","","","test_arsenal_mobile_catalog_navigation[chromium]","Тест перехода в каталог квартир Arsenal на мобильном устройстве."
"passed","Fri Oct 02 14:34:44 UTC 2026","Fri Oct 02 14:34:56 UTC 2026","11848","tests.ui.abra.willows_residences","test_willows_residences_apartment_info","","","","test_willows_residences_apartment_info[firefox]","Тест отображения информации об аппарте для проекта Willows Residences."
"broken","Fri Oct 02 14:54:59 UTC 2026","Fri Oct 02 14:55:31 UTC 2026","32603","tests.ui.mobile.qube.arisha","test_arisha_mobile_apartment_widget","","","","test_arisha_mobile_apartment_widget_full_functionality[chromium-map]","Тест полного функционала виджета апартамента Arisha на мобильном устройстве на всех роутах."
"failed","Fri Oct 02 14:27:30 UTC 2026","Fri Oct 02 14:28:06 UTC 2026","36307","tests.ui.qube.arisha","test_arisha_agent_route","","","","test_arisha_download_pdf_on_agent_page[firefox]","Тест скачивания PDF на агентской странице проекта Arisha."
"failed","Fri Oct 02 15:07:32 UTC 2026","Fri Oct 02 15:07:42 UTC 2026","10079","tests.ui.mobile.qube.arisha","test_arisha_mobile_building_navigation","TestArishaMobileBuildingNavigation","","","test_arisha_mobile_building_floor_apartment_navigation[chromium-map]","Тест полной навигации по зданию, этажу и квартире на мобильном устройстве на всех роутах."
"passed","Fri Oct 02 14:26:05 UTC 2026","Fri Oct 02 14:26:12 UTC 2026","6650","tests.ui.qube.arisha","test_arisha_360_area_tour","","","","test_arisha_360_area_tour[firefox-map]","Тест 360 Area Tour для проекта Arisha на всех роутах."
"passed","Fri Oct 02 15:07:43 UTC 2026","Fri Oct 02 15:08:00 UTC 2026","17305","tests.ui.mobile.qube.cubix","test_cubix_mobile_agent_route","TestCubixMobileAgentRoute","","","test_cubix_mobile_download_pdf_on_catalog_page[chromium]","Тест скачивания PDF на странице каталога Cubix на мобильном устройстве."
"skipped","Fri Oct 02 15:12:06 UTC 2026","Fri Oct 02 15:12:06 UTC 2026","0","tests.ui.mobile.qube.elire","test_elire_mobile_explore_amenities","","","","test_elire_mobile_explore_amenities[chromium-client]","Тест Explore Amenities для проекта Elire на всех роутах."
"passed","Fri Oct 02 14:42:20 UTC 2026","Fri Oct 02 14:42:31 UTC 2026","11274","tests.ui.qube","test_qube_all_projects_amenities","","","","test_all_qube_projects_explore_amenities[webkit-cubix]","
    Единый тест Explore Amenities для всех Qube проектов.

    Использует PageFactory для динамического создания нужной страницы проекта.
    Каждый проект имеет свою реализацию доступа к amenities (инкапсулирована в классе),
    но проверки одинаковые.
    "
"passed","Fri Oct 02 14:31:37 UTC 2026","Fri Oct 02 14:31:46 UTC 2026","9068","tests.ui.qube.cubix","test_cubix_explore_amenities","","","","test_cubix_explore_amenities[firefox-map]","Тест Explore Amenities для проекта Cubix на всех роутах."
"skipped","Fri Oct 02 14:31:58 UTC 2026","Fri Oct 02 14:31:58 UTC 2026","1","tests.ui.qube.elire","test_elire_client_route","","","","test_elire_request_viewing_form[firefox]","Тест формы Request Viewing"
"passed","Fri Oct 02 14:36:14 UTC 2026","Fri Oct 02 14:36:26 UTC 2026","12467","tests.ui.qube","test_qube_all_projects_amenities","","","","test_all_qube_projects_explore_amenities[chromium-arisha]","
    Единый тест Explore Amenities для всех Qube проектов.

    Использует PageFactory для динамического создания нужной страницы проекта.
    Каждый проект имеет свою реализацию доступа к amenities (инкапсулирована в классе),
    но проверки одинаковые.
    "
"broken","Fri Oct 02 14:53:04 UTC 2026","Fri Oct 02 14:53:14 UTC 2026","9631","tests.ui.mobile.msg.edgewater","test_edgewater_mobile_payment_plan","","","","test_edgewater_mobile_payment_plan[chromium]","Тест Payment Plan для проекта Edgewater на мобильном устройстве."
"passed","Fri Oct 02 14:38:23 UTC 2026","Fri Oct 02 14:38:32 UTC 2026","9165","tests.ui.qube.cubix","test_cubix_explore_amenities","","","","test_cubix_explore_amenities[firefox-agent]","Тест Explore Amenities для проекта Cubix на всех роутах."
"broken","Fri Oct 02 14:29:41 UTC 2026","Fri Oct 02 14:30:14 UTC 2026","32899","tests.ui.qube.arisha","test_arisha_building_floor_apartment_navigation","","","","test_arisha_building_floor_apartment_navigation[firefox-map]","Тест навигации по зданиям, этажам и апартаментам проекта Arisha на всех роутах."
"skipped","Fri Oct 02 14:32:28 UTC 2026","Fri Oct 02 14:32:28 UTC 2026","0","tests.ui.wellcube.tranquil","test_tranquil_explore_amenities","","","","test_tranquil_explore_amenities[firefox]","Тест Explore Amenities для проекта Tranquil."
"broken","Fri Oct 02 14:58:15 UTC 2026","Fri Oct 02 14:58:48 UTC 2026","33136","tests.ui.mobile.qube.arisha","test_arisha_mobile_apartment_widget","","","","test_arisha_mobile_apartment_widget_full_functionality[chromium-agent]","Тест полного функционала виджета апартамента Arisha на мобильном устройстве на всех роутах."
"passed","Fri Oct 02 14:42:56 UTC 2026","Fri Oct 02 14:43:04 UTC 2026","7851","tests.ui.qube.arisha","test_arisha_360_area_tour","","","","test_arisha_360_area_tour[webkit-client]","Тест 360 Area Tour для проекта Arisha на всех роутах."
"passed","Fri Oct 02 14:33:02 UTC 2026","Fri Oct 02 14:33:13 UTC 2026","10436","tests.ui.qube.cubix","test_cubix_explore_amenities","","","","test_cubix_explore_amenities[webkit-map]","Тест Explore Amenities для проекта Cubix на всех роутах."
"skipped","Fri Oct 02 15:04:38 UTC 2026","Fri Oct 02 15:04:38 UTC 2026","0","tests.ui.mobile.msg.edgewater","test_edgewater_mobile_explore_amenities","","","","test_edgewater_mobile_explore_amenities[chromium]","Тест Explore Amenities для проекта Edgewater на мобильном устройстве."
"failed","Fri Oct 02 14:51:46 UTC 2026","Fri Oct 02 14:52:23 UTC 2026","36734","tests.ui.mobile.lsr.mark","test_mark_mobile_building_floor_apartment_navigation","","","","test_mark_mobile_building_floor_apartment_navigation[chromium]","Тест навигации по зданиям, этажам и апартаментам проекта MARK на мобильном устройстве."
"passed","Fri Oct 02 14:31:46 UTC 2026","Fri Oct 02 14:31:58 UTC 2026","11538","tests.ui.qube.elire","test_elire_building_floor_apartment_navigation","","","","test_elire_building_floor_apartment_navigation[firefox-map]","Тест навигации по зданиям, этажам и апартаментам проекта Elire на всех роутах."
"passed","Fri Oct 02 14:34:02 UTC 2026","Fri Oct 02 14:34:13 UTC 2026","11192","tests.ui.qube","test_qube_map_projects","TestQubeMapProjects","","","test_full_navigation_cycle_on_map[webkit-arisha]","Тест полного цикла навигации: карта -> проект -> карта."
"broken","Fri Oct 02 14:47:34 UTC 2026","Fri Oct 02 14:47:59 UTC 2026","24740","tests.ui.qube.arisha","test_arisha_building_floor_apartment_navigation","","","","test_arisha_building_floor_apartment_navigation[chromium-client]","Тест навигации по зданиям, этажам и апартаментам проекта Arisha на всех роутах."
"passed","Fri Oct 02 14:36:26 UTC 2026","Fri Oct 02 14:36:30 UTC 2026","4011","tests.ui.qube","test_qube_map_projects","TestQubeMapProjects","","","test_map_page_loads[chromium]","Тест загрузки страницы карты."
"skipped","Fri Oct 02 15:07:43 UTC 2026","Fri Oct 02 15:07:43 UTC 2026","0","tests.ui.mobile.qube.arisha","test_arisha_mobile_explore_amenities","","","","test_arisha_mobile_explore_amenities[chromium-map]","Тест Explore Amenities для проекта Arisha на мобильном устройстве на всех роутах."
"passed","Fri Oct 02 14:38:11 UTC 2026","Fri Oct 02 14:38:22 UTC 2026","11550","tests.ui.qube.arisha","test_arisha_explore_amenities","","","","test_arisha_explore_amenities[firefox-agent]","Тест Explore Amenities для проекта Arisha на всех роутах."
"passed","Fri Oct 02 14:45:16 UTC 2026","Fri Oct 02 14:45:19 UTC 2026","3261","tests.ui.qube","test_qube_map_projects","TestQubeMapProjects","","","test_project_navigation_on_map[chromium-arisha]","Тест навигации по проектам."
"skipped","Fri Oct 02 14:32:27 UTC 2026","Fri Oct 02 14:32:27 UTC 2026","0","tests.ui.qube","test_qube_map_projects","TestQubeMapProjects","","","test_full_navigation_cycle_on_map[firefox-arisha]","Тест полного цикла навигации: карта -> проект -> карта."
"passed","Fri Oct 02 14:48:13 UTC 2026","Fri Oct 02 14:48:22 UTC 2026","8761","tests.ui.qube.cubix","test_cubix_explore_amenities","","","","test_cubix_explore_amenities[chromium-client]","Тест Explore Amenities для проекта Cubix на всех роутах."
"skipped","Fri Oct 02 14:30:15 UTC 2026","Fri Oct 02 14:30:15 UTC 2026","0","tests.ui.qube.arisha","test_arisha_client_route","","","","test_arisha_send_callback_form_on_client_page[firefox]","Тест отправки формы обратной связи на клиентской странице проекта Arisha."
"passed","Fri Oct 02 14:41:47 UTC 2026","Fri Oct 02 14:41:57 UTC 2026","10550","tests.ui.qube.cubix","test_cubix_explore_amenities","","","","test_cubix_explore_amenities[webkit-agent]","Тест Explore Amenities для проекта Cubix на всех роутах."
"passed","Fri Oct 02 14:45:51 UTC 2026","Fri Oct 02 14:45:55 UTC 2026","4429","tests.ui.qube","test_qube_map_projects","TestQubeMapProjects","","","test_project_navigation_on_map[webkit-cubix]","Тест навигации по проектам."
"failed","Fri Oct 02 15:04:52 UTC 2026","Fri Oct 02 15:05:11 UTC 2026","19697","tests.ui.mobile.qube.arisha","test_arisha_mobile_agent_route","TestArishaMobileAgentRoute","","","test_arisha_mobile_download_pdf_on_catalog_page[chromium]","Тест скачивания PDF на странице каталога Arisha на мобильном устройстве."
"passed","Fri Oct 02 14:36:42 UTC 2026","Fri Oct 02 14:36:56 UTC 2026","13385","tests.ui.abra.willows_residences","test_willows_residences_apartment_info","","","","test_willows_residences_apartment_info[webkit]","Тест отображения информации об аппарте для проекта Willows Residences."
"passed","Fri Oct 02 14:36:07 UTC 2026","Fri Oct 02 14:36:14 UTC 2026","7013","tests.ui.qube.elire","test_elire_explore_amenities","","","","test_elire_explore_amenities[chromium-map]","Тест Explore Amenities для проекта Elire на всех роутах."
"passed","Fri Oct 02 14:45:04 UTC 2026","Fri Oct 02 14:45:17 UTC 2026","13644","tests.ui.qube.arisha","test_arisha_explore_amenities","","","","test_arisha_explore_amenities[webkit-client]","Тест Explore Amenities для проекта Arisha на всех роутах."
"passed","Fri Oct 02 14:42:11 UTC 2026","Fri Oct 02 14:42:14 UTC 2026","3636","tests.ui.qube","test_qube_map_projects","TestQubeMapProjects","","","test_project_navigation_on_map[firefox-cubix]","Тест навигации по проектам."
"passed","Fri Oct 02 14:52:31 UTC 2026","Fri Oct 02 14:52:52 UTC 2026","21392","tests.ui.mobile.lsr.mark","test_mark_mobile_download_pdf","","","","test_mark_mobile_download_pdf[chromium]","Тест скачивания PDF для проекта MARK на мобильном устройстве."
"passed","Fri Oct 02 14:36:01 UTC 2026","Fri Oct 02 14:36:22 UTC 2026","20239","tests.ui.lsr.mark","test_mark_download_pdf","","","","test_mark_download_pdf[webkit]","Тест скачивания PDF для проекта MARK."
"passed","Fri Oct 02 14:48:54 UTC 2026","Fri Oct 02 14:49:00 UTC 2026","6100","tests.ui.lsr.mark","test_mark_360_area_tour","","","","test_mark_360_area_tour[chromium-lobby-k1]","Тест 360 Area Tour для проекта MARK с разными типами панорам."
"passed","Fri Oct 02 14:44:58 UTC 2026","Fri Oct 02 14:45:05 UTC 2026","7233","tests.ui.qube.elire","test_elire_explore_amenities","","","","test_elire_explore_amenities[chromium-agent]","Тест Explore Amenities для проекта Elire на всех роутах."
"passed","Fri Oct 02 14:59:29 UTC 2026","Fri Oct 02 14:59:39 UTC 2026","9888","tests.ui.mobile.qube.elire","test_elire_mobile_building_floor_apartment_navigation","","","","test_elire_mobile_building_floor_apartment_navigation[chromium-agent]","Тест навигации по зданиям, этажам и апартаментам проекта Elire на мобильном устройстве на всех роутах."
"passed","Fri Oct 02 14:41:58 UTC 2026","Fri Oct 02 14:42:11 UTC 2026","13888","tests.ui.qube.elire","test_elire_building_floor_apartment_navigation","","","","test_elire_building_floor_apartment_navigation[webkit-agent]","Тест навигации по зданиям, этажам и апартаментам проекта Elire на всех роутах."
"passed","Fri Oct 02 14:49:36 UTC 2026","Fri Oct 02 14:49:56 UTC 2026","19856","tests.ui.mobile.capstone.peylaa","test_peylaa_mobile_360_area_tour","","","","test_peylaa_mobile_360_area_tour[chromium]","Тест 360 Area Tour для проекта Peylaa на мобильном устройстве."
"passed","Fri Oct 02 14:33:58 UTC 2026","Fri Oct 02 14:34:02 UTC 2026","4277","tests.ui.qube","test_qube_map_projects","TestQubeMapProjects","","","test_project_navigation_on_map[webkit-elire]","Тест навигации по проектам."
"passed","Fri Oct 02 14:36:43 UTC 2026","Fri Oct 02 14:36:59 UTC 2026","15838","tests.ui.capstone.peylaa","test_peylaa_360_area_tour","","","","test_peylaa_360_area_tour[chromium]","Тест 360 Area Tour для проекта Peylaa."
"passed","Fri Oct 02 14:35:35 UTC 2026","Fri Oct 02 14:35:45 UTC 2026","10852","tests.ui.msg.edgewater","test_edgewater_explore_amenities","","","","test_edgewater_explore_amenities[firefox]","Тест Explore Amenities для проекта Edgewater на мобильном устройстве."
"skipped","Fri Oct 02 14:42:14 UTC 2026","Fri Oct 02 14:42:14 UTC 2026","0","tests.ui.qube","test_qube_map_projects","TestQubeMapProjects","","","test_full_navigation_cycle_on_map[firefox-cubix]","Тест полного цикла навигации: карта -> проект -> карта."
"failed","Fri Oct 02 14:32:38 UTC 2026","Fri Oct 02 14:33:01 UTC 2026","22658","tests.ui.qube.cubix","test_cubix_agent_route","","","","test_cubix_download_pdf_on_agent_page[webkit]","Тест скачивания PDF на агентской странице проекта Cubix."
"skipped","Fri Oct 02 15:00:55 UTC 2026","Fri Oct 02 15:00:55 UTC 2026","0","tests.ui.mobile.abra.willows_residences","test_willows_residences_mobile_explore_amenities","","","","test_willows_residences_mobile_explore_amenities[chromium]","Тест Explore Amenities для проекта Willows Residences на мобильном устройстве."
"passed","Fri Oct 02 14:56:47 UTC 2026","Fri Oct 02 14:56:53 UTC 2026","6092","tests.ui.mobile.lsr.mark","test_mark_mobile_360_area_tour","","","","test_mark_mobile_360_area_tour[chromium-lobby-k1]","Тест 360 Area Tour для MARK на мобильном устройстве с разными типами панорам."
"passed","Fri Oct 02 14:32:23 UTC 2026","Fri Oct 02 14:32:27 UTC 2026","3976","tests.ui.qube","test_qube_map_projects","TestQubeMapProjects","","","test_project_navigation_on_map[firefox-elire]","Тест навигации по проектам."
"broken","Fri Oct 02 14:37:56 UTC 2026","Fri Oct 02 14:38:05 UTC 2026","9152","tests.ui.msg.edgewater","test_edgewater_payment_plan","","","","test_edgewater_payment_plan[webkit]","Тест Payment Plan для проекта Edgewater."
"passed","Fri Oct 02 15:11:56 UTC 2026","Fri Oct 02 15:12:06 UTC 2026","9484","tests.ui.mobile.qube.elire","test_elire_mobile_building_floor_apartment_navigation","","","","test_elire_mobile_building_floor_apartment_navigation[chromium-client]","Тест навигации по зданиям, этажам и апартаментам проекта Elire на мобильном устройстве на всех роутах."
"failed","Fri Oct 02 14:59:18 UTC 2026","Fri Oct 02 14:59:28 UTC 2026","10170","tests.ui.mobile.qube.arisha","test_arisha_mobile_building_navigation","TestArishaMobileBuildingNavigation","","","test_arisha_mobile_building_floor_apartment_navigation[chromium-agent]","Тест полной навигации по зданию, этажу и квартире на мобильном устройстве на всех роутах."
"passed","Fri Oct 02 14:45:28 UTC 2026","Fri Oct 02 14:45:41 UTC 2026","13315","tests.ui.qube.elire","test_elire_building_floor_apartment_navigation","","","","test_elire_building_floor_apartment_navigation[webkit-client]","Тест навигации по зданиям, этажам и апартаментам проекта Elire на всех роутах."
"passed","Fri Oct 02 14:45:29 UTC 2026","Fri Oct 02 14:45:35 UTC 2026","5994","tests.ui.lsr.mark","test_mark_360_area_tour","","","","test_mark_360_area_tour[chromium-yard]","Тест 360 Area Tour для проекта MARK с разными типами панорам."
"passed","Fri Oct 02 14:39:03 UTC 2026","Fri Oct 02 14:39:07 UTC 2026","3561","tests.ui.qube","test_qube_map_projects","TestQubeMapProjects","","","test_project_navigation_on_map[firefox-arisha]","Тест навигации по проектам."
"skipped","Fri Oct 02 14:39:20 UTC 2026","Fri Oct 02 14:39:20 UTC 2026","0","tests.ui.qube.arisha","test_arisha_apartment_widget","","","","test_arisha_apartment_widget_full_functionality[firefox-client]","Тест полного функционала виджета апартамента Arisha на всех роутах."
"passed","Fri Oct 02 14:34:57 UTC 2026","Fri Oct 02 14:35:04 UTC 2026","7500","tests.ui.abra.willows_residences","test_willows_residences_explore_amenities","","","","test_willows_residences_explore_amenities[firefox]","Тест Explore Amenities для проекта Willows Residences."
"passed","Fri Oct 02 14:52:24 UTC 2026","Fri Oct 02 14:52:31 UTC 2026","7155","tests.ui.mobile.lsr.mark","test_mark_mobile_catalog_navigation","","","","test_mark_mobile_catalog_navigation[chromium]","Тест перехода в каталог квартир MARK на мобильном устройстве."
"passed","Fri Oct 02 15:04:25 UTC 2026","Fri Oct 02 15:04:38 UTC 2026","13158","tests.ui.mobile.msg.edgewater","test_edgewater_mobile_apartment_info","","","","test_edgewater_mobile_apartment_info[chromium]","Тест отображения информации об аппарте для проекта Edgewater на мобильном устройстве."
"passed","Fri Oct 02 14:38:27 UTC 2026","Fri Oct 02 14:38:33 UTC 2026","6684","tests.ui.lsr.mark","test_mark_catalog_navigation","","","","test_mark_catalog_navigation[chromium]","Тест перехода в каталог квартир для проекта MARK."
"passed","Fri Oct 02 14:43:28 UTC 2026","Fri Oct 02 14:43:44 UTC 2026","16187","tests.ui.qube.arisha","test_arisha_apartment_widget","","","","test_arisha_apartment_information[webkit-client]","Тест проверки информации об апартаменте Arisha на всех роутах."
"passed","Fri Oct 02 14:31:58 UTC 2026","Fri Oct 02 14:32:05 UTC 2026","6861","tests.ui.qube.elire","test_elire_explore_amenities","","","","test_elire_explore_amenities[firefox-map]","Тест Explore Amenities для проекта Elire на всех роутах."
"passed","Fri Oct 02 14:40:20 UTC 2026","Fri Oct 02 14:40:35 UTC 2026","14514","tests.ui.msg.edgewater","test_edgewater_explore_amenities","","","","test_edgewater_explore_amenities[chromium]","Тест Explore Amenities для проекта Edgewater на мобильном устройстве."
"failed","Fri Oct 02 15:03:14 UTC 2026","Fri Oct 02 15:03:51 UTC 2026","36386","tests.ui.mobile.lsr.mark","test_mark_mobile_building_floor_apartment_navigation","","","","test_mark_mobile_building_floor_apartment_navigation[chromium]","Тест навигации по зданиям, этажам и апартаментам проекта MARK на мобильном устройстве."
"passed","Fri Oct 02 14:34:23 UTC 2026","Fri Oct 02 14:34:34 UTC 2026","10827","tests.ui.qube.arisha","test_arisha_explore_amenities","","","","test_arisha_explore_amenities[chromium-map]","Тест Explore Amenities для проекта Arisha на всех роутах."
"passed","Fri Oct 02 14:50:03 UTC 2026","Fri Oct 02 14:50:29 UTC 2026","25633","tests.ui.mobile.lsr.mark","test_mark_mobile_apartment_widget","","","","test_mark_mobile_apartment_widget_full_functionality[chromium]","Тест полного функционала виджета апартамента MARK на мобильном устройстве."
"skipped","Fri Oct 02 15:11:56 UTC 2026","Fri Oct 02 15:11:56 UTC 2026","0","tests.ui.mobile.qube.arisha","test_arisha_mobile_explore_amenities","","","","test_arisha_mobile_explore_amenities[chromium-client]","Тест Explore Amenities для проекта Arisha на мобильном устройстве на всех роутах."
"passed","Fri Oct 02 14:49:14 UTC 2026","Fri Oct 02 14:49:28 UTC 2026","13725","tests.ui.mobile.abra.willows_residences","test_willows_residences_mobile_apartment_info","","","","test_willows_residences_mobile_apartment_info[chromium]","Тест отображения информации об аппарте для проекта Willows Residences на мобильном устройстве."
"passed","Fri Oct 02 14:48:41 UTC 2026","Fri Oct 02 14:48:44 UTC 2026","3394","tests.ui.qube","test_qube_map_projects","TestQubeMapProjects","","","test_project_navigation_on_map[chromium-cubix]","Тест навигации по проектам."
"broken","Fri Oct 02 14:31:52 UTC 2026","Fri Oct 02 14:32:20 UTC 2026","27561","tests.ui.qube.arisha","test_arisha_apartment_widget","","","","test_arisha_apartment_widget_full_functionality[chromium-map]","Тест полного функционала виджета апартамента Arisha на всех роутах."
"passed","Fri Oct 02 15:08:10 UTC 2026","Fri Oct 02 15:08:21 UTC 2026","11159","tests.ui.mobile.vibe.arsenal","test_arsenal_mobile_catalog_navigation","","","","test_arsenal_mobile_catalog_navigation[chromium]","Тест перехода в каталог квартир Arsenal на мобильном устройстве."
"passed","Fri Oct 02 15:03:51 UTC 2026","Fri Oct 02 15:04:00 UTC 2026","8763","tests.ui.mobile.lsr.mark","test_mark_mobile_catalog_navigation","","","","test_mark_mobile_catalog_navigation[chromium]","Тест перехода в каталог квартир MARK на мобильном устройстве."
"passed","Fri Oct 02 14:42:33 UTC 2026","Fri Oct 02 14:43:00 UTC 2026","27712","tests.ui.qube.arisha","test_arisha_apartment_widget","","","","test_arisha_apartment_information[chromium-agent]","Тест проверки информации об апартаменте Arisha на всех роутах."
"passed","Fri Oct 02 14:56:29 UTC 2026","Fri Oct 02 14:56:39 UTC 2026","9990","tests.ui.mobile.qube.elire","test_elire_mobile_building_floor_apartment_navigation","","","","test_elire_mobile_building_floor_apartment_navigation[chromium-map]","Тест навигации по зданиям, этажам и апартаментам проекта Elire на мобильном устройстве на всех роутах."
"passed","Fri Oct 02 14:46:07 UTC 2026","Fri Oct 02 14:46:14 UTC 2026","6072","tests.ui.lsr.mark","test_mark_360_area_tour","","","","test_mark_360_area_tour[webkit-lobby-k1]","Тест 360 Area Tour для проекта MARK с разными типами панорам."
"broken","Fri Oct 02 14:39:17 UTC 2026","Fri Oct 02 14:39:47 UTC 2026","29796","tests.ui.qube.arisha","test_arisha_apartment_widget","","","","test_arisha_apartment_widget_full_functionality[webkit-agent]","Тест полного функционала виджета апартамента Arisha на всех роутах."
"passed","Fri Oct 02 15:00:36 UTC 2026","Fri Oct 02 15:00:41 UTC 2026","5570","tests.ui.mobile.lsr.mark","test_mark_mobile_360_area_tour","","","","test_mark_mobile_360_area_tour[chromium-lobby-k3]","Тест 360 Area Tour для MARK на мобильном устройстве с разными типами панорам."
"skipped","Fri Oct 02 14:36:43 UTC 2026","Fri Oct 02 14:36:43 UTC 2026","0","tests.ui.wellcube.tranquil","test_tranquil_download_pdf","","","","test_tranquil_download_ownership_offer[chromium]","Тест скачивания PDF на проекте Tranquil."
"skipped","Fri Oct 02 15:11:56 UTC 2026","Fri Oct 02 15:11:56 UTC 2026","0","tests.ui.mobile.qube.cubix","test_cubix_mobile_explore_amenities","","","","test_cubix_mobile_explore_amenities[chromium-client]","Тест Explore Amenities для проекта Cubix на мобильном устройстве на всех роутах."
"passed","Fri Oct 02 14:39:21 UTC 2026","Fri Oct 02 14:39:46 UTC 2026","24928","tests.ui.qube.arisha","test_arisha_apartment_widget","","","","test_arisha_apartment_information[firefox-client]","Тест проверки информации об апартаменте Arisha на всех роутах."
"passed","Fri Oct 02 14:44:37 UTC 2026","Fri Oct 02 14:44:46 UTC 2026","8507","tests.ui.qube.cubix","test_cubix_explore_amenities","","","","test_cubix_explore_amenities[chromium-agent]","Тест Explore Amenities для проекта Cubix на всех роутах."
"passed","Fri Oct 02 14:52:53 UTC 2026","Fri Oct 02 14:53:04 UTC 2026","11635","tests.ui.mobile.msg.edgewater","test_edgewater_mobile_apartment_info","","","","test_edgewater_mobile_apartment_info[chromium]","Тест отображения информации об аппарте для проекта Edgewater на мобильном устройстве."
"skipped","Fri Oct 02 15:07:43 UTC 2026","Fri Oct 02 15:07:43 UTC 2026","0","tests.ui.mobile.qube.arisha","test_arisha_mobile_client_route","","","","test_arisha_mobile_send_callback_form_on_client_page[chromium]","Тест отправки формы обратной связи на клиентской странице проекта Arisha на мобильном устройстве."
"passed","Fri Oct 02 15:11:16 UTC 2026","Fri Oct 02 15:11:20 UTC 2026","4084","tests.ui.mobile.qube.arisha","test_arisha_mobile_360_area_tour","","","","test_arisha_mobile_360_area_tour[chromium-client]","Тест 360 Area Tour для проекта Arisha на мобильном устройстве на всех роутах."
"passed","Fri Oct 02 14:33:13 UTC 2026","Fri Oct 02 14:33:27 UTC 2026","14028","tests.ui.qube.elire","test_elire_building_floor_apartment_navigation","","","","test_elire_building_floor_apartment_navigation[webkit-map]","Тест навигации по зданиям, этажам и апартаментам проекта Elire на всех роутах."
"passed","Fri Oct 02 14:36:31 UTC 2026","Fri Oct 02 14:36:42 UTC 2026","10491","tests.ui.vibe.arsenal","test_arsenal_explore_amenities","","","","test_arsenal_explore_amenities[webkit]","Тест Explore Amenities для проекта Arsenal (без routes, только map)."
"failed","Fri Oct 02 15:10:49 UTC 2026","Fri Oct 02 15:11:00 UTC 2026","10582","tests.ui.mobile.qube.arisha","test_arisha_mobile_building_navigation","TestArishaMobileBuildingNavigation","","","test_arisha_mobile_building_floor_apartment_navigation[chromium-agent]","Тест полной навигации по зданию, этажу и квартире на мобильном устройстве на всех роутах."
"skipped","Fri Oct 02 14:34:14 UTC 2026","Fri Oct 02 14:34:14 UTC 2026","0","tests.ui.wellcube.tranquil","test_tranquil_download_pdf","","","","test_tranquil_download_ownership_offer[webkit]","Тест скачивания PDF на проекте Tranquil."
"passed","Fri Oct 02 15:00:55 UTC 2026","Fri Oct 02 15:01:03 UTC 2026","8610","tests.ui.mobile.abra.willows_residences","test_willows_residences_mobile_view_brochures","","","","test_willows_residences_mobile_view_brochures[chromium]","Тест View Brochures для проекта Willows Residences на мобильном устройстве - проверка открытия Google таблицы."
"passed","Fri Oct 02 14:34:30 UTC 2026","Fri Oct 02 14:34:52 UTC 2026","21621","tests.ui.lsr.mark","test_mark_apartment_widget","","","","test_mark_apartment_widget_full_functionality[webkit]","Тест полного функционала виджета апартамента MARK."
"failed","Fri Oct 02 14:35:23 UTC 2026","Fri Oct 02 14:35:34 UTC 2026","10778","tests.ui.msg.edgewater","test_edgewater_apartment_info","","","","test_edgewater_apartment_info[firefox]","Тест отображения информации об аппарте для проекта Edgewater."
"broken","Fri Oct 02 15:09:47 UTC 2026","Fri Oct 02 15:10:19 UTC 2026","32043","tests.ui.mobile.qube.arisha","test_arisha_mobile_apartment_widget","","","","test_arisha_mobile_apartment_widget_full_functionality[chromium-agent]","Тест полного функционала виджета апартамента Arisha на мобильном устройстве на всех роутах."
"passed","Fri Oct 02 14:33:57 UTC 2026","Fri Oct 02 14:34:04 UTC 2026","7163","tests.ui.lsr.mark","test_mark_catalog_navigation","","","","test_mark_catalog_navigation[firefox]","Тест перехода в каталог квартир для проекта MARK."
"passed","Fri Oct 02 14:31:34 UTC 2026","Fri Oct 02 14:31:46 UTC 2026","12713","tests.ui.qube.arisha","test_arisha_explore_amenities","","","","test_arisha_explore_amenities[webkit-map]","Тест Explore Amenities для проекта Arisha на всех роутах."
"skipped","Fri Oct 02 14:33:28 UTC 2026","Fri Oct 02 14:33:28 UTC 2026","0","tests.ui.qube.elire","test_elire_client_route","","","","test_elire_request_viewing_form[webkit]","Тест формы Request Viewing"
"passed","Fri Oct 02 14:34:04 UTC 2026","Fri Oct 02 14:34:25 UTC 2026","20963","tests.ui.lsr.mark","test_mark_download_pdf","","","","test_mark_download_pdf[firefox]","Тест скачивания PDF для проекта MARK."
"skipped","Fri Oct 02 14:59:49 UTC 2026","Fri Oct 02 14:59:49 UTC 2026","0","tests.ui.mobile.qube.arisha","test_arisha_mobile_apartment_widget","","","","test_arisha_mobile_apartment_widget_full_functionality[chromium-client]","Тест полного функционала виджета апартамента Arisha на мобильном устройстве на всех роутах."
"passed","Fri Oct 02 14:38:32 UTC 2026","Fri Oct 02 14:38:44 UTC 2026","11763","tests.ui.qube.elire","test_elire_building_floor_apartment_navigation","","","","test_elire_building_floor_apartment_navigation[firefox-agent]","Тест навигации по зданиям, этажам и апартаментам проекта Elire на всех роутах."
"skipped","Fri Oct 02 14:36:01 UTC 2026","Fri Oct 02 14:36:01 UTC 2026","0","tests.ui.qube.arisha","test_arisha_apartment_widget","","","","test_arisha_apartment_widget_full_functionality[firefox-agent]","Тест полного функционала виджета апартамента Arisha на всех роутах."
"passed","Fri Oct 02 14:38:44 UTC 2026","Fri Oct 02 14:38:52 UTC 2026","7408","tests.ui.qube.elire","test_elire_explore_amenities","","","","test_elire_explore_amenities[firefox-agent]","Тест Explore Amenities для проекта Elire на всех роутах."
"passed","Fri Oct 02 14:59:39 UTC 2026","Fri Oct 02 14:59:45 UTC 2026","5618","tests.ui.mobile.lsr.mark","test_mark_mobile_360_area_tour","","","","test_mark_mobile_360_area_tour[chromium-lobby-k2]","Тест 360 Area Tour для MARK на мобильном устройстве с разными типами панорам."
"passed","Fri Oct 02 14:49:01 UTC 2026","Fri Oct 02 14:49:07 UTC 2026","6003","tests.ui.lsr.mark","test_mark_360_area_tour","","","","test_mark_360_area_tour[chromium-lobby-k2]","Тест 360 Area Tour для проекта MARK с разными типами панорам."
"passed","Fri Oct 02 14:45:05 UTC 2026","Fri Oct 02 14:45:16 UTC 2026","11086","tests.ui.qube","test_qube_all_projects_amenities","","","","test_all_qube_projects_explore_amenities[chromium-cubix]","
    Единый тест Explore Amenities для всех Qube проектов.

    Использует PageFactory для динамического создания нужной страницы проекта.
    Каждый проект имеет свою реализацию доступа к amenities (инкапсулирована в классе),
    но проверки одинаковые.
    "
"broken","Fri Oct 02 15:04:38 UTC 2026","Fri Oct 02 15:04:47 UTC 2026","8936","tests.ui.mobile.msg.edgewater","test_edgewater_mobile_payment_plan","","","","test_edgewater_mobile_payment_plan[chromium]","Тест Payment Plan для проекта Edgewater на мобильном устройстве."
"failed","Fri Oct 02 14:56:01 UTC 2026","Fri Oct 02 14:56:11 UTC 2026","10144","tests.ui.mobile.qube.arisha","test_arisha_mobile_building_navigation","TestArishaMobileBuildingNavigation","","","test_arisha_mobile_building_floor_apartment_navigation[chromium-map]","Тест полной навигации по зданию, этажу и квартире на мобильном устройстве на всех роутах."
"passed","Fri Oct 02 14:32:25 UTC 2026","Fri Oct 02 14:32:52 UTC 2026","27848","tests.ui.qube.arisha","test_arisha_apartment_widget","","","","test_arisha_apartment_information[chromium-map]","Тест проверки информации об апартаменте Arisha на всех роутах."
"broken","Fri Oct 02 14:44:38 UTC 2026","Fri Oct 02 14:45:03 UTC 2026","24536","tests.ui.qube.arisha","test_arisha_building_floor_apartment_navigation","","","","test_arisha_building_floor_apartment_navigation[webkit-client]","Тест навигации по зданиям, этажам и апартаментам проекта Arisha на всех роутах."
"skipped","Fri Oct 02 14:35:04 UTC 2026","Fri Oct 02 14:35:13 UTC 2026","8461","tests.ui.abra.willows_residences","test_willows_residences_pagination","","","","test_willows_residences_catalog_pagination[firefox]","Тест пагинации каталога аппартов для проекта Willows Residences."
"passed","Fri Oct 02 14:36:34 UTC 2026","Fri Oct 02 14:36:43 UTC 2026","9468","tests.ui.qube","test_qube_map_projects","TestQubeMapProjects","","","test_full_navigation_cycle_on_map[chromium-arisha]","Тест полного цикла навигации: карта -> проект -> карта."
"passed","Fri Oct 02 14:32:05 UTC 2026","Fri Oct 02 14:32:19 UTC 2026","13263","tests.ui.qube","test_qube_all_projects_amenities","","","","test_all_qube_projects_explore_amenities[firefox-arisha]","
    Единый тест Explore Amenities для всех Qube проектов.

    Использует PageFactory для динамического создания нужной страницы проекта.
    Каждый проект имеет свою реализацию доступа к amenities (инкапсулирована в классе),
    но проверки одинаковые.
    "
"passed","Fri Oct 02 14:41:52 UTC 2026","Fri Oct 02 14:42:03 UTC 2026","11367","tests.ui.qube.elire","test_elire_building_floor_apartment_navigation","","","","test_elire_building_floor_apartment_navigation[firefox-client]","Тест навигации по зданиям, этажам и апартаментам проекта Elire на всех роутах."
"passed","Fri Oct 02 14:32:34 UTC 2026","Fri Oct 02 14:32:42 UTC 2026","7439","tests.ui.lsr.mark","test_mark_360_area_tour","","","","test_mark_360_area_tour[firefox-rotation]","Тест 360 Area Tour для проекта MARK с разными типами панорам."
"passed","Fri Oct 02 14:32:28 UTC 2026","Fri Oct 02 14:32:34 UTC 2026","6123","tests.ui.capstone.peylaa","test_peylaa_360_area_tour","","","","test_peylaa_360_area_tour[firefox]","Тест 360 Area Tour для проекта Peylaa."
"passed","Fri Oct 02 15:01:30 UTC 2026","Fri Oct 02 15:01:55 UTC 2026","24999","tests.ui.mobile.lsr.mark","test_mark_mobile_apartment_widget","","","","test_mark_mobile_apartment_widget_full_functionality[chromium]","Тест полного функционала виджета апартамента MARK на мобильном устройстве."
"passed","Fri Oct 02 14:38:52 UTC 2026","Fri Oct 02 14:39:03 UTC 2026","11014","tests.ui.qube","test_qube_all_projects_amenities","","","","test_all_qube_projects_explore_amenities[firefox-cubix]","
    Единый тест Explore Amenities для всех Qube проектов.

    Использует PageFactory для динамического создания нужной страницы проекта.
    Каждый проект имеет свою реализацию доступа к amenities (инкапсулирована в классе),
    но проверки одинаковые.
    "
"passed","Fri Oct 02 15:08:27 UTC 2026","Fri Oct 02 15:08:31 UTC 2026","4084","tests.ui.mobile.qube.arisha","test_arisha_mobile_360_area_tour","","","","test_arisha_mobile_360_area_tour[chromium-agent]","Тест 360 Area Tour для проекта Arisha на мобильном устройстве на всех роутах."
"passed","Fri Oct 02 14:39:48 UTC 2026","Fri Oct 02 14:40:13 UTC 2026","24976","tests.ui.qube.arisha","test_arisha_apartment_widget","","","","test_arisha_apartment_information[webkit-agent]","Тест проверки информации об апартаменте Arisha на всех роутах."
"passed","Fri Oct 02 15:01:23 UTC 2026","Fri Oct 02 15:01:30 UTC 2026","6928","tests.ui.mobile.lsr.mark","test_mark_mobile_360_area_tour","","","","test_mark_mobile_360_area_tour[chromium-yard]","Тест 360 Area Tour для MARK на мобильном устройстве с разными типами панорам."
"skipped","Fri Oct 02 14:31:33 UTC 2026","Fri Oct 02 14:31:33 UTC 2026","0","tests.ui.qube.arisha","test_arisha_client_route","","","","test_arisha_send_callback_form_on_client_page[webkit]","Тест отправки формы обратной связи на клиентской странице проекта Arisha."
"broken","Fri Oct 02 14:40:57 UTC 2026","Fri Oct 02 14:41:30 UTC 2026","32953","tests.ui.qube.arisha","test_arisha_building_floor_apartment_navigation","","","","test_arisha_building_floor_apartment_navigation[firefox-client]","Тест навигации по зданиям, этажам и апартаментам проекта Arisha на всех роутах."
"passed","Fri Oct 02 14:42:32 UTC 2026","Fri Oct 02 14:42:36 UTC 2026","4646","tests.ui.qube","test_qube_map_projects","TestQubeMapProjects","","","test_project_navigation_on_map[webkit-arisha]","Тест навигации по проектам."
"passed","Fri Oct 02 14:45:35 UTC 2026","Fri Oct 02 14:45:42 UTC 2026","6443","tests.ui.qube.arisha","test_arisha_360_area_tour","","","","test_arisha_360_area_tour[chromium-client]","Тест 360 Area Tour для проекта Arisha на всех роутах."
"passed","Fri Oct 02 14:39:37 UTC 2026","Fri Oct 02 14:39:45 UTC 2026","8403","tests.ui.abra.willows_residences","test_willows_residences_explore_amenities","","","","test_willows_residences_explore_amenities[chromium]","Тест Explore Amenities для проекта Willows Residences."
"passed","Fri Oct 02 14:25:45 UTC 2026","Fri Oct 02 14:25:56 UTC 2026","10699","tests.ui.qube.arisha","test_arisha_360_area_tour","","","","test_arisha_360_area_tour[webkit-map]","Тест 360 Area Tour для проекта Arisha на всех роутах."
"passed","Fri Oct 02 14:29:40 UTC 2026","Fri Oct 02 14:30:05 UTC 2026","25524","tests.ui.qube.arisha","test_arisha_apartment_widget","","","","test_arisha_apartment_information[webkit-map]","Тест проверки информации об апартаменте Arisha на всех роутах."
"passed","Fri Oct 02 14:38:34 UTC 2026","Fri Oct 02 14:38:58 UTC 2026","24127","tests.ui.lsr.mark","test_mark_download_pdf","","","","test_mark_download_pdf[chromium]","Тест скачивания PDF для проекта MARK."
"broken","Fri Oct 02 15:06:31 UTC 2026","Fri Oct 02 15:07:03 UTC 2026","31953","tests.ui.mobile.qube.arisha","test_arisha_mobile_apartment_widget","","","","test_arisha_mobile_apartment_widget_full_functionality[chromium-map]","Тест полного функционала виджета апартамента Arisha на мобильном устройстве на всех роутах."
"passed","Fri Oct 02 14:35:52 UTC 2026","Fri Oct 02 14:36:01 UTC 2026","9317","tests.ui.lsr.mark","test_mark_catalog_navigation","","","","test_mark_catalog_navigation[webkit]","Тест перехода в каталог квартир для проекта MARK."
"skipped","Fri Oct 02 14:34:23 UTC 2026","Fri Oct 02 14:34:23 UTC 2026","0","tests.ui.qube.arisha","test_arisha_client_route","","","","test_arisha_send_callback_form_on_client_page[chromium]","Тест отправки формы обратной связи на клиентской странице проекта Arisha."
"passed","Fri Oct 02 14:44:46 UTC 2026","Fri Oct 02 14:44:57 UTC 2026","11517","tests.ui.qube.elire","test_elire_building_floor_apartment_navigation","","","","test_elire_building_floor_apartment_navigation[chromium-agent]","Тест навигации по зданиям, этажам и апартаментам проекта Elire на всех роутах."
"skipped","Fri Oct 02 14:28:06 UTC 2026","Fri Oct 02 14:28:06 UTC 2026","0","tests.ui.qube.arisha","test_arisha_apartment_widget","","","","test_arisha_apartment_widget_full_functionality[firefox-map]","Тест полного функционала виджета апартамента Arisha на всех роутах."
"passed","Fri Oct 02 14:34:24 UTC 2026","Fri Oct 02 14:34:30 UTC 2026","6512","tests.ui.lsr.mark","test_mark_360_area_tour","","","","test_mark_360_area_tour[webkit-rotation]","Тест 360 Area Tour для проекта MARK с разными типами панорам."
"passed","Fri Oct 02 14:37:06 UTC 2026","Fri Oct 02 14:37:30 UTC 2026","23988","tests.ui.lsr.mark","test_mark_apartment_widget","","","","test_mark_apartment_widget_full_functionality[chromium]","Тест полного функционала виджета апартамента MARK."
"skipped","Fri Oct 02 14:36:43 UTC 2026","Fri Oct 02 14:36:43 UTC 2026","0","tests.ui.wellcube.tranquil","test_tranquil_explore_amenities","","","","test_tranquil_explore_amenities[chromium]","Тест Explore Amenities для проекта Tranquil."
"passed","Fri Oct 02 14:33:37 UTC 2026","Fri Oct 02 14:33:51 UTC 2026","14450","tests.ui.qube","test_qube_all_projects_amenities","","","","test_all_qube_projects_explore_amenities[webkit-arisha]","
    Единый тест Explore Amenities для всех Qube проектов.

    Использует PageFactory для динамического создания нужной страницы проекта.
    Каждый проект имеет свою реализацию доступа к amenities (инкапсулирована в классе),
    но проверки одинаковые.
    "
"passed","Fri Oct 02 15:11:01 UTC 2026","Fri Oct 02 15:11:10 UTC 2026","9470","tests.ui.mobile.qube.elire","test_elire_mobile_building_floor_apartment_navigation","","","","test_elire_mobile_building_floor_apartment_navigation[chromium-agent]","Тест навигации по зданиям, этажам и апартаментам проекта Elire на мобильном устройстве на всех роутах."
"passed","Fri Oct 02 14:42:27 UTC 2026","Fri Oct 02 14:42:33 UTC 2026","5501","tests.ui.lsr.mark","test_mark_360_area_tour","","","","test_mark_360_area_tour[firefox-lobby-k3]","Тест 360 Area Tour для проекта MARK с разными типами панорам."
"passed","Fri Oct 02 14:48:02 UTC 2026","Fri Oct 02 14:48:13 UTC 2026","11101","tests.ui.qube.arisha","test_arisha_explore_amenities","","","","test_arisha_explore_amenities[chromium-client]","Тест Explore Amenities для проекта Arisha на всех роутах."
"passed","Fri Oct 02 14:32:42 UTC 2026","Fri Oct 02 14:33:04 UTC 2026","22037","tests.ui.lsr.mark","test_mark_apartment_widget","","","","test_mark_apartment_widget_full_functionality[firefox]","Тест полного функционала виджета апартамента MARK."
"passed","Fri Oct 02 14:56:53 UTC 2026","Fri Oct 02 14:56:57 UTC 2026","4002","tests.ui.mobile.qube.arisha","test_arisha_mobile_360_area_tour","","","","test_arisha_mobile_360_area_tour[chromium-agent]","Тест 360 Area Tour для проекта Arisha на мобильном устройстве на всех роутах."
"passed","Fri Oct 02 15:00:43 UTC 2026","Fri Oct 02 15:00:55 UTC 2026","11443","tests.ui.mobile.abra.willows_residences","test_willows_residences_mobile_apartment_info","","","","test_willows_residences_mobile_apartment_info[chromium]","Тест отображения информации об аппарте для проекта Willows Residences на мобильном устройстве."
"skipped","Fri Oct 02 15:11:20 UTC 2026","Fri Oct 02 15:11:20 UTC 2026","0","tests.ui.mobile.qube.arisha","test_arisha_mobile_apartment_widget","","","","test_arisha_mobile_apartment_widget_full_functionality[chromium-client]","Тест полного функционала виджета апартамента Arisha на мобильном устройстве на всех роутах."
"passed","Fri Oct 02 14:36:59 UTC 2026","Fri Oct 02 14:37:06 UTC 2026","6796","tests.ui.lsr.mark","test_mark_360_area_tour","","","","test_mark_360_area_tour[chromium-rotation]","Тест 360 Area Tour для проекта MARK с разными типами панорам."
"skipped","Fri Oct 02 15:11:10 UTC 2026","Fri Oct 02 15:11:10 UTC 2026","0","tests.ui.mobile.qube.elire","test_elire_mobile_explore_amenities","","","","test_elire_mobile_explore_amenities[chromium-agent]","Тест Explore Amenities для проекта Elire на всех роутах."
"passed","Fri Oct 02 14:48:34 UTC 2026","Fri Oct 02 14:48:41 UTC 2026","6746","tests.ui.qube.elire","test_elire_explore_amenities","","","","test_elire_explore_amenities[chromium-client]","Тест Explore Amenities для проекта Elire на всех роутах."
"passed","Fri Oct 02 14:49:56 UTC 2026","Fri Oct 02 14:50:03 UTC 2026","6492","tests.ui.mobile.lsr.mark","test_mark_mobile_360_area_tour","","","","test_mark_mobile_360_area_tour[chromium-yard]","Тест 360 Area Tour для MARK на мобильном устройстве с разными типами панорам."
"broken","Fri Oct 02 14:41:08 UTC 2026","Fri Oct 02 14:41:31 UTC 2026","23319","tests.ui.qube.arisha","test_arisha_building_floor_apartment_navigation","","","","test_arisha_building_floor_apartment_navigation[webkit-agent]","Тест навигации по зданиям, этажам и апартаментам проекта Arisha на всех роутах."
"broken","Fri Oct 02 14:43:59 UTC 2026","Fri Oct 02 14:44:24 UTC 2026","24749","tests.ui.qube.arisha","test_arisha_building_floor_apartment_navigation","","","","test_arisha_building_floor_apartment_navigation[chromium-agent]","Тест навигации по зданиям, этажам и апартаментам проекта Arisha на всех роутах."
"passed","Fri Oct 02 14:39:07 UTC 2026","Fri Oct 02 14:39:14 UTC 2026","6451","tests.ui.lsr.mark","test_mark_360_area_tour","","","","test_mark_360_area_tour[firefox-yard]","Тест 360 Area Tour для проекта MARK с разными типами панорам."
"failed","Fri Oct 02 14:30:00 UTC 2026","Fri Oct 02 14:30:40 UTC 2026","40139","tests.ui.qube.arisha","test_arisha_agent_route","","","","test_arisha_download_pdf_on_agent_page[chromium]","Тест скачивания PDF на агентской странице проекта Arisha."
"skipped","Fri Oct 02 14:34:14 UTC 2026","Fri Oct 02 14:34:14 UTC 2026","0","tests.ui.wellcube.tranquil","test_tranquil_explore_amenities","","","","test_tranquil_explore_amenities[webkit]","Тест Explore Amenities для проекта Tranquil."
"passed","Fri Oct 02 14:39:12 UTC 2026","Fri Oct 02 14:39:23 UTC 2026","10957","tests.ui.vibe.arsenal","test_arsenal_explore_amenities","","","","test_arsenal_explore_amenities[chromium]","Тест Explore Amenities для проекта Arsenal (без routes, только map)."
"passed","Fri Oct 02 14:34:14 UTC 2026","Fri Oct 02 14:34:23 UTC 2026","9334","tests.ui.capstone.peylaa","test_peylaa_360_area_tour","","","","test_peylaa_360_area_tour[webkit]","Тест 360 Area Tour для проекта Peylaa."
"passed","Fri Oct 02 14:45:19 UTC 2026","Fri Oct 02 14:45:29 UTC 2026","9606","tests.ui.qube","test_qube_map_projects","TestQubeMapProjects","","","test_full_navigation_cycle_on_map[chromium-elire]","Тест полного цикла навигации: карта -> проект -> карта."
"passed","Fri Oct 02 14:46:20 UTC 2026","Fri Oct 02 14:46:27 UTC 2026","6749","tests.ui.lsr.mark","test_mark_360_area_tour","","","","test_mark_360_area_tour[webkit-lobby-k3]","Тест 360 Area Tour для проекта MARK с разными типами панорам."
"passed","Fri Oct 02 15:04:48 UTC 2026","Fri Oct 02 15:04:52 UTC 2026","4120","tests.ui.mobile.qube.arisha","test_arisha_mobile_360_area_tour","","","","test_arisha_mobile_360_area_tour[chromium-map]","Тест 360 Area Tour для проекта Arisha на мобильном устройстве на всех роутах."
"passed","Fri Oct 02 14:37:30 UTC 2026","Fri Oct 02 14:37:43 UTC 2026","12678","tests.ui.msg.edgewater","test_edgewater_apartment_info","","","","test_edgewater_apartment_info[webkit]","Тест отображения информации об аппарте для проекта Edgewater."
"failed","Fri Oct 02 14:31:14 UTC 2026","Fri Oct 02 14:31:36 UTC 2026","21604","tests.ui.qube.cubix","test_cubix_agent_route","","","","test_cubix_download_pdf_on_agent_page[firefox]","Тест скачивания PDF на агентской странице проекта Cubix."
"passed","Fri Oct 02 14:45:41 UTC 2026","Fri Oct 02 14:45:50 UTC 2026","9042","tests.ui.qube.elire","test_elire_explore_amenities","","","","test_elire_explore_amenities[webkit-client]","Тест Explore Amenities для проекта Elire на всех роутах."
"passed","Fri Oct 02 14:41:32 UTC 2026","Fri Oct 02 14:41:46 UTC 2026","13778","tests.ui.qube.arisha","test_arisha_explore_amenities","","","","test_arisha_explore_amenities[webkit-agent]","Тест Explore Amenities для проекта Arisha на всех роутах."
"passed","Fri Oct 02 15:01:03 UTC 2026","Fri Oct 02 15:01:23 UTC 2026","19757","tests.ui.mobile.capstone.peylaa","test_peylaa_mobile_360_area_tour","","","","test_peylaa_mobile_360_area_tour[chromium]","Тест 360 Area Tour для проекта Peylaa на мобильном устройстве."
"skipped","Fri Oct 02 15:08:00 UTC 2026","Fri Oct 02 15:08:00 UTC 2026","0","tests.ui.mobile.qube.elire","test_elire_mobile_agent_route","","","","test_elire_mobile_agent_route[chromium]","Тест агентского роута для проекта Elire на мобильном устройстве."
"passed","Fri Oct 02 14:56:12 UTC 2026","Fri Oct 02 14:56:29 UTC 2026","17220","tests.ui.mobile.qube.cubix","test_cubix_mobile_agent_route","TestCubixMobileAgentRoute","","","test_cubix_mobile_download_pdf_on_catalog_page[chromium]","Тест скачивания PDF на странице каталога Cubix на мобильном устройстве."
"passed","Fri Oct 02 14:40:06 UTC 2026","Fri Oct 02 14:40:20 UTC 2026","14297","tests.ui.msg.edgewater","test_edgewater_apartment_info","","","","test_edgewater_apartment_info[chromium]","Тест отображения информации об аппарте для проекта Edgewater."
"passed","Fri Oct 02 14:30:15 UTC 2026","Fri Oct 02 14:30:26 UTC 2026","10802","tests.ui.qube.arisha","test_arisha_explore_amenities","","","","test_arisha_explore_amenities[firefox-map]","Тест Explore Amenities для проекта Arisha на всех роутах."
"passed","Fri Oct 02 14:45:42 UTC 2026","Fri Oct 02 14:46:07 UTC 2026","25495","tests.ui.qube.arisha","test_arisha_apartment_widget","","","","test_arisha_apartment_widget_full_functionality[chromium-client]","Тест полного функционала виджета апартамента Arisha на всех роутах."
